{
  "id" : "b39fdf60-bd4d-11e7-af2d-855b67e2d9c7-11",
  "name" : "Chat012.txt",
  "createdDate" : 1509352708182,
  "version" : 3,
  "text" : "Rep: This is Mohan. How can I help you?\nCaller: Hi, this is John. I wanted to request for pickup of car for service.\nRep: Sure, I can help you.  For verification purpose may I know your vehicle number, date of birth and email id to check for promo deals\nCaller: My vehicle number is KA-01-M-1111, date of birth is April 19th 1989 and email is askme@yahoo.com\nRep: I have pulled up the vehicle details. Can you verify your communication address for the vehicle pickup\nCaller : Plot 1/A, survey number 100/290/1, BTM II Stage, Bangalore\nRep: May i have your phone number\nCaller: 101-010-1010\nRep : Thanks for providing the details. Your vehicle will be picked up tomorrow.\n",
  "docLength" : 0,
  "language" : "EN",
  "status" : "IN_PROGRESS",
  "modifiedDate" : 1578338110272,
  "documentSet" : [ ],
  "preannotation" : [ ],
  "sentences" : [ {
    "id" : "s0",
    "begin" : 0,
    "end" : 19,
    "text" : "Rep: This is Mohan.",
    "tokens" : [ {
      "id" : "s0-t0",
      "begin" : 0,
      "end" : 3,
      "text" : "Rep",
      "whiteSpace" : false
    }, {
      "id" : "s0-t1",
      "begin" : 3,
      "end" : 4,
      "text" : ":",
      "whiteSpace" : false
    }, {
      "id" : "s0-t2",
      "begin" : 5,
      "end" : 9,
      "text" : "This",
      "whiteSpace" : false
    }, {
      "id" : "s0-t3",
      "begin" : 10,
      "end" : 12,
      "text" : "is",
      "whiteSpace" : false
    }, {
      "id" : "s0-t4",
      "begin" : 13,
      "end" : 18,
      "text" : "Mohan",
      "whiteSpace" : false
    }, {
      "id" : "s0-t5",
      "begin" : 18,
      "end" : 19,
      "text" : ".",
      "whiteSpace" : false
    } ]
  }, {
    "id" : "s1",
    "begin" : 20,
    "end" : 39,
    "text" : "How can I help you?",
    "tokens" : [ {
      "id" : "s1-t0",
      "begin" : 20,
      "end" : 23,
      "text" : "How",
      "whiteSpace" : false
    }, {
      "id" : "s1-t1",
      "begin" : 24,
      "end" : 27,
      "text" : "can",
      "whiteSpace" : false
    }, {
      "id" : "s1-t2",
      "begin" : 28,
      "end" : 29,
      "text" : "I",
      "whiteSpace" : false
    }, {
      "id" : "s1-t3",
      "begin" : 30,
      "end" : 34,
      "text" : "help",
      "whiteSpace" : false
    }, {
      "id" : "s1-t4",
      "begin" : 35,
      "end" : 38,
      "text" : "you",
      "whiteSpace" : false
    }, {
      "id" : "s1-t5",
      "begin" : 38,
      "end" : 39,
      "text" : "?",
      "whiteSpace" : false
    } ]
  }, {
    "id" : "s2",
    "begin" : 40,
    "end" : 65,
    "text" : "Caller: Hi, this is John.",
    "tokens" : [ {
      "id" : "s2-t0",
      "begin" : 40,
      "end" : 46,
      "text" : "Caller",
      "whiteSpace" : false
    }, {
      "id" : "s2-t1",
      "begin" : 46,
      "end" : 47,
      "text" : ":",
      "whiteSpace" : false
    }, {
      "id" : "s2-t2",
      "begin" : 48,
      "end" : 50,
      "text" : "Hi",
      "whiteSpace" : false
    }, {
      "id" : "s2-t3",
      "begin" : 50,
      "end" : 51,
      "text" : ",",
      "whiteSpace" : false
    }, {
      "id" : "s2-t4",
      "begin" : 52,
      "end" : 56,
      "text" : "this",
      "whiteSpace" : false
    }, {
      "id" : "s2-t5",
      "begin" : 57,
      "end" : 59,
      "text" : "is",
      "whiteSpace" : false
    }, {
      "id" : "s2-t6",
      "begin" : 60,
      "end" : 64,
      "text" : "John",
      "whiteSpace" : false
    }, {
      "id" : "s2-t7",
      "begin" : 64,
      "end" : 65,
      "text" : ".",
      "whiteSpace" : false
    } ]
  }, {
    "id" : "s3",
    "begin" : 66,
    "end" : 116,
    "text" : "I wanted to request for pickup of car for service.",
    "tokens" : [ {
      "id" : "s3-t0",
      "begin" : 66,
      "end" : 67,
      "text" : "I",
      "whiteSpace" : false
    }, {
      "id" : "s3-t1",
      "begin" : 68,
      "end" : 74,
      "text" : "wanted",
      "whiteSpace" : false
    }, {
      "id" : "s3-t2",
      "begin" : 75,
      "end" : 77,
      "text" : "to",
      "whiteSpace" : false
    }, {
      "id" : "s3-t3",
      "begin" : 78,
      "end" : 85,
      "text" : "request",
      "whiteSpace" : false
    }, {
      "id" : "s3-t4",
      "begin" : 86,
      "end" : 89,
      "text" : "for",
      "whiteSpace" : false
    }, {
      "id" : "s3-t5",
      "begin" : 90,
      "end" : 96,
      "text" : "pickup",
      "whiteSpace" : false
    }, {
      "id" : "s3-t6",
      "begin" : 97,
      "end" : 99,
      "text" : "of",
      "whiteSpace" : false
    }, {
      "id" : "s3-t7",
      "begin" : 100,
      "end" : 103,
      "text" : "car",
      "whiteSpace" : false
    }, {
      "id" : "s3-t8",
      "begin" : 104,
      "end" : 107,
      "text" : "for",
      "whiteSpace" : false
    }, {
      "id" : "s3-t9",
      "begin" : 108,
      "end" : 115,
      "text" : "service",
      "whiteSpace" : false
    }, {
      "id" : "s3-t10",
      "begin" : 115,
      "end" : 116,
      "text" : ".",
      "whiteSpace" : false
    } ]
  }, {
    "id" : "s4",
    "begin" : 117,
    "end" : 143,
    "text" : "Rep: Sure, I can help you.",
    "tokens" : [ {
      "id" : "s4-t0",
      "begin" : 117,
      "end" : 120,
      "text" : "Rep",
      "whiteSpace" : false
    }, {
      "id" : "s4-t1",
      "begin" : 120,
      "end" : 121,
      "text" : ":",
      "whiteSpace" : false
    }, {
      "id" : "s4-t2",
      "begin" : 122,
      "end" : 126,
      "text" : "Sure",
      "whiteSpace" : false
    }, {
      "id" : "s4-t3",
      "begin" : 126,
      "end" : 127,
      "text" : ",",
      "whiteSpace" : false
    }, {
      "id" : "s4-t4",
      "begin" : 128,
      "end" : 129,
      "text" : "I",
      "whiteSpace" : false
    }, {
      "id" : "s4-t5",
      "begin" : 130,
      "end" : 133,
      "text" : "can",
      "whiteSpace" : false
    }, {
      "id" : "s4-t6",
      "begin" : 134,
      "end" : 138,
      "text" : "help",
      "whiteSpace" : false
    }, {
      "id" : "s4-t7",
      "begin" : 139,
      "end" : 142,
      "text" : "you",
      "whiteSpace" : false
    }, {
      "id" : "s4-t8",
      "begin" : 142,
      "end" : 143,
      "text" : ".",
      "whiteSpace" : false
    } ]
  }, {
    "id" : "s5",
    "begin" : 145,
    "end" : 401,
    "text" : "For verification purpose may I know your vehicle number, date of birth and email id to check for promo deals\nCaller: My vehicle number is KA-01-M-1111, date of birth is April 19th 1989 and email is askme@yahoo.com\nRep: I have pulled up the vehicle details.",
    "tokens" : [ {
      "id" : "s5-t0",
      "begin" : 145,
      "end" : 148,
      "text" : "For",
      "whiteSpace" : false
    }, {
      "id" : "s5-t1",
      "begin" : 149,
      "end" : 161,
      "text" : "verification",
      "whiteSpace" : false
    }, {
      "id" : "s5-t2",
      "begin" : 162,
      "end" : 169,
      "text" : "purpose",
      "whiteSpace" : false
    }, {
      "id" : "s5-t3",
      "begin" : 170,
      "end" : 173,
      "text" : "may",
      "whiteSpace" : false
    }, {
      "id" : "s5-t4",
      "begin" : 174,
      "end" : 175,
      "text" : "I",
      "whiteSpace" : false
    }, {
      "id" : "s5-t5",
      "begin" : 176,
      "end" : 180,
      "text" : "know",
      "whiteSpace" : false
    }, {
      "id" : "s5-t6",
      "begin" : 181,
      "end" : 185,
      "text" : "your",
      "whiteSpace" : false
    }, {
      "id" : "s5-t7",
      "begin" : 186,
      "end" : 193,
      "text" : "vehicle",
      "whiteSpace" : false
    }, {
      "id" : "s5-t8",
      "begin" : 194,
      "end" : 200,
      "text" : "number",
      "whiteSpace" : false
    }, {
      "id" : "s5-t9",
      "begin" : 200,
      "end" : 201,
      "text" : ",",
      "whiteSpace" : false
    }, {
      "id" : "s5-t10",
      "begin" : 202,
      "end" : 206,
      "text" : "date",
      "whiteSpace" : false
    }, {
      "id" : "s5-t11",
      "begin" : 207,
      "end" : 209,
      "text" : "of",
      "whiteSpace" : false
    }, {
      "id" : "s5-t12",
      "begin" : 210,
      "end" : 215,
      "text" : "birth",
      "whiteSpace" : false
    }, {
      "id" : "s5-t13",
      "begin" : 216,
      "end" : 219,
      "text" : "and",
      "whiteSpace" : false
    }, {
      "id" : "s5-t14",
      "begin" : 220,
      "end" : 225,
      "text" : "email",
      "whiteSpace" : false
    }, {
      "id" : "s5-t15",
      "begin" : 226,
      "end" : 228,
      "text" : "id",
      "whiteSpace" : false
    }, {
      "id" : "s5-t16",
      "begin" : 229,
      "end" : 231,
      "text" : "to",
      "whiteSpace" : false
    }, {
      "id" : "s5-t17",
      "begin" : 232,
      "end" : 237,
      "text" : "check",
      "whiteSpace" : false
    }, {
      "id" : "s5-t18",
      "begin" : 238,
      "end" : 241,
      "text" : "for",
      "whiteSpace" : false
    }, {
      "id" : "s5-t19",
      "begin" : 242,
      "end" : 247,
      "text" : "promo",
      "whiteSpace" : false
    }, {
      "id" : "s5-t20",
      "begin" : 248,
      "end" : 253,
      "text" : "deals",
      "whiteSpace" : false
    }, {
      "id" : "s5-t21",
      "begin" : 254,
      "end" : 260,
      "text" : "Caller",
      "whiteSpace" : false
    }, {
      "id" : "s5-t22",
      "begin" : 260,
      "end" : 261,
      "text" : ":",
      "whiteSpace" : false
    }, {
      "id" : "s5-t23",
      "begin" : 262,
      "end" : 264,
      "text" : "My",
      "whiteSpace" : false
    }, {
      "id" : "s5-t24",
      "begin" : 265,
      "end" : 272,
      "text" : "vehicle",
      "whiteSpace" : false
    }, {
      "id" : "s5-t25",
      "begin" : 273,
      "end" : 279,
      "text" : "number",
      "whiteSpace" : false
    }, {
      "id" : "s5-t26",
      "begin" : 280,
      "end" : 282,
      "text" : "is",
      "whiteSpace" : false
    }, {
      "id" : "s5-t27",
      "begin" : 283,
      "end" : 295,
      "text" : "KA-01-M-1111",
      "whiteSpace" : false
    }, {
      "id" : "s5-t28",
      "begin" : 295,
      "end" : 296,
      "text" : ",",
      "whiteSpace" : false
    }, {
      "id" : "s5-t29",
      "begin" : 297,
      "end" : 301,
      "text" : "date",
      "whiteSpace" : false
    }, {
      "id" : "s5-t30",
      "begin" : 302,
      "end" : 304,
      "text" : "of",
      "whiteSpace" : false
    }, {
      "id" : "s5-t31",
      "begin" : 305,
      "end" : 310,
      "text" : "birth",
      "whiteSpace" : false
    }, {
      "id" : "s5-t32",
      "begin" : 311,
      "end" : 313,
      "text" : "is",
      "whiteSpace" : false
    }, {
      "id" : "s5-t33",
      "begin" : 314,
      "end" : 319,
      "text" : "April",
      "whiteSpace" : false
    }, {
      "id" : "s5-t34",
      "begin" : 320,
      "end" : 324,
      "text" : "19th",
      "whiteSpace" : false
    }, {
      "id" : "s5-t35",
      "begin" : 325,
      "end" : 329,
      "text" : "1989",
      "whiteSpace" : false
    }, {
      "id" : "s5-t36",
      "begin" : 330,
      "end" : 333,
      "text" : "and",
      "whiteSpace" : false
    }, {
      "id" : "s5-t37",
      "begin" : 334,
      "end" : 339,
      "text" : "email",
      "whiteSpace" : false
    }, {
      "id" : "s5-t38",
      "begin" : 340,
      "end" : 342,
      "text" : "is",
      "whiteSpace" : false
    }, {
      "id" : "s5-t39",
      "begin" : 343,
      "end" : 358,
      "text" : "askme@yahoo.com",
      "whiteSpace" : false
    }, {
      "id" : "s5-t40",
      "begin" : 359,
      "end" : 362,
      "text" : "Rep",
      "whiteSpace" : false
    }, {
      "id" : "s5-t41",
      "begin" : 362,
      "end" : 363,
      "text" : ":",
      "whiteSpace" : false
    }, {
      "id" : "s5-t42",
      "begin" : 364,
      "end" : 365,
      "text" : "I",
      "whiteSpace" : false
    }, {
      "id" : "s5-t43",
      "begin" : 366,
      "end" : 370,
      "text" : "have",
      "whiteSpace" : false
    }, {
      "id" : "s5-t44",
      "begin" : 371,
      "end" : 377,
      "text" : "pulled",
      "whiteSpace" : false
    }, {
      "id" : "s5-t45",
      "begin" : 378,
      "end" : 380,
      "text" : "up",
      "whiteSpace" : false
    }, {
      "id" : "s5-t46",
      "begin" : 381,
      "end" : 384,
      "text" : "the",
      "whiteSpace" : false
    }, {
      "id" : "s5-t47",
      "begin" : 385,
      "end" : 392,
      "text" : "vehicle",
      "whiteSpace" : false
    }, {
      "id" : "s5-t48",
      "begin" : 393,
      "end" : 400,
      "text" : "details",
      "whiteSpace" : false
    }, {
      "id" : "s5-t49",
      "begin" : 400,
      "end" : 401,
      "text" : ".",
      "whiteSpace" : false
    } ]
  }, {
    "id" : "s6",
    "begin" : 402,
    "end" : 629,
    "text" : "Can you verify your communication address for the vehicle pickup\nCaller : Plot 1/A, survey number 100/290/1, BTM II Stage, Bangalore\nRep: May i have your phone number\nCaller: 101-010-1010\nRep : Thanks for providing the details.",
    "tokens" : [ {
      "id" : "s6-t0",
      "begin" : 402,
      "end" : 405,
      "text" : "Can",
      "whiteSpace" : false
    }, {
      "id" : "s6-t1",
      "begin" : 406,
      "end" : 409,
      "text" : "you",
      "whiteSpace" : false
    }, {
      "id" : "s6-t2",
      "begin" : 410,
      "end" : 416,
      "text" : "verify",
      "whiteSpace" : false
    }, {
      "id" : "s6-t3",
      "begin" : 417,
      "end" : 421,
      "text" : "your",
      "whiteSpace" : false
    }, {
      "id" : "s6-t4",
      "begin" : 422,
      "end" : 435,
      "text" : "communication",
      "whiteSpace" : false
    }, {
      "id" : "s6-t5",
      "begin" : 436,
      "end" : 443,
      "text" : "address",
      "whiteSpace" : false
    }, {
      "id" : "s6-t6",
      "begin" : 444,
      "end" : 447,
      "text" : "for",
      "whiteSpace" : false
    }, {
      "id" : "s6-t7",
      "begin" : 448,
      "end" : 451,
      "text" : "the",
      "whiteSpace" : false
    }, {
      "id" : "s6-t8",
      "begin" : 452,
      "end" : 459,
      "text" : "vehicle",
      "whiteSpace" : false
    }, {
      "id" : "s6-t9",
      "begin" : 460,
      "end" : 466,
      "text" : "pickup",
      "whiteSpace" : false
    }, {
      "id" : "s6-t10",
      "begin" : 467,
      "end" : 473,
      "text" : "Caller",
      "whiteSpace" : false
    }, {
      "id" : "s6-t11",
      "begin" : 474,
      "end" : 475,
      "text" : ":",
      "whiteSpace" : false
    }, {
      "id" : "s6-t12",
      "begin" : 476,
      "end" : 480,
      "text" : "Plot",
      "whiteSpace" : false
    }, {
      "id" : "s6-t13",
      "begin" : 481,
      "end" : 482,
      "text" : "1",
      "whiteSpace" : false
    }, {
      "id" : "s6-t14",
      "begin" : 482,
      "end" : 483,
      "text" : "/",
      "whiteSpace" : false
    }, {
      "id" : "s6-t15",
      "begin" : 483,
      "end" : 484,
      "text" : "A",
      "whiteSpace" : false
    }, {
      "id" : "s6-t16",
      "begin" : 484,
      "end" : 485,
      "text" : ",",
      "whiteSpace" : false
    }, {
      "id" : "s6-t17",
      "begin" : 486,
      "end" : 492,
      "text" : "survey",
      "whiteSpace" : false
    }, {
      "id" : "s6-t18",
      "begin" : 493,
      "end" : 499,
      "text" : "number",
      "whiteSpace" : false
    }, {
      "id" : "s6-t19",
      "begin" : 500,
      "end" : 509,
      "text" : "100/290/1",
      "whiteSpace" : false
    }, {
      "id" : "s6-t20",
      "begin" : 509,
      "end" : 510,
      "text" : ",",
      "whiteSpace" : false
    }, {
      "id" : "s6-t21",
      "begin" : 511,
      "end" : 514,
      "text" : "BTM",
      "whiteSpace" : false
    }, {
      "id" : "s6-t22",
      "begin" : 515,
      "end" : 517,
      "text" : "II",
      "whiteSpace" : false
    }, {
      "id" : "s6-t23",
      "begin" : 518,
      "end" : 523,
      "text" : "Stage",
      "whiteSpace" : false
    }, {
      "id" : "s6-t24",
      "begin" : 523,
      "end" : 524,
      "text" : ",",
      "whiteSpace" : false
    }, {
      "id" : "s6-t25",
      "begin" : 525,
      "end" : 534,
      "text" : "Bangalore",
      "whiteSpace" : false
    }, {
      "id" : "s6-t26",
      "begin" : 535,
      "end" : 538,
      "text" : "Rep",
      "whiteSpace" : false
    }, {
      "id" : "s6-t27",
      "begin" : 538,
      "end" : 539,
      "text" : ":",
      "whiteSpace" : false
    }, {
      "id" : "s6-t28",
      "begin" : 540,
      "end" : 543,
      "text" : "May",
      "whiteSpace" : false
    }, {
      "id" : "s6-t29",
      "begin" : 544,
      "end" : 545,
      "text" : "i",
      "whiteSpace" : false
    }, {
      "id" : "s6-t30",
      "begin" : 546,
      "end" : 550,
      "text" : "have",
      "whiteSpace" : false
    }, {
      "id" : "s6-t31",
      "begin" : 551,
      "end" : 555,
      "text" : "your",
      "whiteSpace" : false
    }, {
      "id" : "s6-t32",
      "begin" : 556,
      "end" : 561,
      "text" : "phone",
      "whiteSpace" : false
    }, {
      "id" : "s6-t33",
      "begin" : 562,
      "end" : 568,
      "text" : "number",
      "whiteSpace" : false
    }, {
      "id" : "s6-t34",
      "begin" : 569,
      "end" : 575,
      "text" : "Caller",
      "whiteSpace" : false
    }, {
      "id" : "s6-t35",
      "begin" : 575,
      "end" : 576,
      "text" : ":",
      "whiteSpace" : false
    }, {
      "id" : "s6-t36",
      "begin" : 577,
      "end" : 589,
      "text" : "101-010-1010",
      "whiteSpace" : false
    }, {
      "id" : "s6-t37",
      "begin" : 590,
      "end" : 593,
      "text" : "Rep",
      "whiteSpace" : false
    }, {
      "id" : "s6-t38",
      "begin" : 594,
      "end" : 595,
      "text" : ":",
      "whiteSpace" : false
    }, {
      "id" : "s6-t39",
      "begin" : 596,
      "end" : 602,
      "text" : "Thanks",
      "whiteSpace" : false
    }, {
      "id" : "s6-t40",
      "begin" : 603,
      "end" : 606,
      "text" : "for",
      "whiteSpace" : false
    }, {
      "id" : "s6-t41",
      "begin" : 607,
      "end" : 616,
      "text" : "providing",
      "whiteSpace" : false
    }, {
      "id" : "s6-t42",
      "begin" : 617,
      "end" : 620,
      "text" : "the",
      "whiteSpace" : false
    }, {
      "id" : "s6-t43",
      "begin" : 621,
      "end" : 628,
      "text" : "details",
      "whiteSpace" : false
    }, {
      "id" : "s6-t44",
      "begin" : 628,
      "end" : 629,
      "text" : ".",
      "whiteSpace" : false
    } ]
  }, {
    "id" : "s7",
    "begin" : 630,
    "end" : 670,
    "text" : "Your vehicle will be picked up tomorrow.",
    "tokens" : [ {
      "id" : "s7-t0",
      "begin" : 630,
      "end" : 634,
      "text" : "Your",
      "whiteSpace" : false
    }, {
      "id" : "s7-t1",
      "begin" : 635,
      "end" : 642,
      "text" : "vehicle",
      "whiteSpace" : false
    }, {
      "id" : "s7-t2",
      "begin" : 643,
      "end" : 647,
      "text" : "will",
      "whiteSpace" : false
    }, {
      "id" : "s7-t3",
      "begin" : 648,
      "end" : 650,
      "text" : "be",
      "whiteSpace" : false
    }, {
      "id" : "s7-t4",
      "begin" : 651,
      "end" : 657,
      "text" : "picked",
      "whiteSpace" : false
    }, {
      "id" : "s7-t5",
      "begin" : 658,
      "end" : 660,
      "text" : "up",
      "whiteSpace" : false
    }, {
      "id" : "s7-t6",
      "begin" : 661,
      "end" : 669,
      "text" : "tomorrow",
      "whiteSpace" : false
    }, {
      "id" : "s7-t7",
      "begin" : 669,
      "end" : 670,
      "text" : ".",
      "whiteSpace" : false
    } ]
  } ],
  "mentions" : [ {
    "id" : "s2-m1",
    "properties" : {
      "SIRE_MENTION_ROLE" : "Name",
      "SIRE_ENTITY_SUBTYPE" : "NONE",
      "SIRE_MENTION_TYPE" : "NONE",
      "SIRE_MENTION_CLASS" : "SPC"
    },
    "type" : "Name",
    "begin" : 60,
    "end" : 64,
    "inCoref" : false
  }, {
    "id" : "s5-m1",
    "properties" : {
      "SIRE_MENTION_ROLE" : "DOB",
      "SIRE_ENTITY_SUBTYPE" : "NONE",
      "SIRE_MENTION_TYPE" : "NONE",
      "SIRE_MENTION_CLASS" : "SPC"
    },
    "type" : "DOB",
    "begin" : 314,
    "end" : 329,
    "inCoref" : false
  }, {
    "id" : "s5-m2",
    "properties" : {
      "SIRE_MENTION_ROLE" : "EmailId",
      "SIRE_ENTITY_SUBTYPE" : "NONE",
      "SIRE_MENTION_TYPE" : "NONE",
      "SIRE_MENTION_CLASS" : "SPC"
    },
    "type" : "EmailId",
    "begin" : 343,
    "end" : 358,
    "inCoref" : false
  }, {
    "id" : "s6-m1",
    "properties" : {
      "SIRE_MENTION_ROLE" : "Address",
      "SIRE_ENTITY_SUBTYPE" : "NONE",
      "SIRE_MENTION_TYPE" : "NONE",
      "SIRE_MENTION_CLASS" : "SPC"
    },
    "type" : "Address",
    "begin" : 511,
    "end" : 534,
    "inCoref" : false
  }, {
    "id" : "s6-m2",
    "properties" : {
      "SIRE_MENTION_ROLE" : "MobileNo",
      "SIRE_ENTITY_SUBTYPE" : "NONE",
      "SIRE_MENTION_TYPE" : "NONE",
      "SIRE_MENTION_CLASS" : "SPC"
    },
    "type" : "MobileNo",
    "begin" : 577,
    "end" : 589,
    "inCoref" : false
  } ],
  "relations" : [ ],
  "corefs" : [ ],
  "typeResolved" : true,
  "userResolved" : false
}