{
  "id" : "b39fdf60-bd4d-11e7-af2d-855b67e2d9c7-13",
  "name" : "Chat014.txt",
  "createdDate" : 1509352708182,
  "version" : 3,
  "text" : "Rep: This is Vishal. How can I help you?\nCaller: This is Astha. I want to increase the data limit of my number.\nRep: Sure, Mam, I’ll help you. Do you want to add data for the number from which you are calling?\nCaller: yes, before that can you please tell me what is the current data limit with my plan?\nRep: Sure Mam. Let me check the details.\nRep: Mam, it is 300 MB per month. How much data you need 1GB/2GB?\nCaller: I want 1GB per month.\nRep: Sure Mam. Can you please tell your date of birth, it is required for verification purpose.\nCaller: ok, it is 7th February 1990\nRep: and your email id is?\nCaller: it is astha123@gmail.com\nRep: Mam, as you are using corporate plan, please confirm your office name and employee ID.\nCaller: Sure, Company name is IBM and employee ID is 890031.\nRep: Thank you for verification. Wait a min..\nRep: Ok.. I have raised a service request to increase data limit for your number. You will get an update within 24 hours. Is there anything else that I can help you with\nCaller: No\nRep: Thanks for calling Vodafone. Have a good day.\n",
  "docLength" : 0,
  "language" : "EN",
  "status" : "IN_PROGRESS",
  "modifiedDate" : 1578338232468,
  "documentSet" : [ ],
  "preannotation" : [ ],
  "sentences" : [ {
    "id" : "s0",
    "begin" : 0,
    "end" : 20,
    "text" : "Rep: This is Vishal.",
    "tokens" : [ {
      "id" : "s0-t0",
      "begin" : 0,
      "end" : 3,
      "text" : "Rep",
      "whiteSpace" : false
    }, {
      "id" : "s0-t1",
      "begin" : 3,
      "end" : 4,
      "text" : ":",
      "whiteSpace" : false
    }, {
      "id" : "s0-t2",
      "begin" : 5,
      "end" : 9,
      "text" : "This",
      "whiteSpace" : false
    }, {
      "id" : "s0-t3",
      "begin" : 10,
      "end" : 12,
      "text" : "is",
      "whiteSpace" : false
    }, {
      "id" : "s0-t4",
      "begin" : 13,
      "end" : 19,
      "text" : "Vishal",
      "whiteSpace" : false
    }, {
      "id" : "s0-t5",
      "begin" : 19,
      "end" : 20,
      "text" : ".",
      "whiteSpace" : false
    } ]
  }, {
    "id" : "s1",
    "begin" : 21,
    "end" : 40,
    "text" : "How can I help you?",
    "tokens" : [ {
      "id" : "s1-t0",
      "begin" : 21,
      "end" : 24,
      "text" : "How",
      "whiteSpace" : false
    }, {
      "id" : "s1-t1",
      "begin" : 25,
      "end" : 28,
      "text" : "can",
      "whiteSpace" : false
    }, {
      "id" : "s1-t2",
      "begin" : 29,
      "end" : 30,
      "text" : "I",
      "whiteSpace" : false
    }, {
      "id" : "s1-t3",
      "begin" : 31,
      "end" : 35,
      "text" : "help",
      "whiteSpace" : false
    }, {
      "id" : "s1-t4",
      "begin" : 36,
      "end" : 39,
      "text" : "you",
      "whiteSpace" : false
    }, {
      "id" : "s1-t5",
      "begin" : 39,
      "end" : 40,
      "text" : "?",
      "whiteSpace" : false
    } ]
  }, {
    "id" : "s2",
    "begin" : 41,
    "end" : 63,
    "text" : "Caller: This is Astha.",
    "tokens" : [ {
      "id" : "s2-t0",
      "begin" : 41,
      "end" : 47,
      "text" : "Caller",
      "whiteSpace" : false
    }, {
      "id" : "s2-t1",
      "begin" : 47,
      "end" : 48,
      "text" : ":",
      "whiteSpace" : false
    }, {
      "id" : "s2-t2",
      "begin" : 49,
      "end" : 53,
      "text" : "This",
      "whiteSpace" : false
    }, {
      "id" : "s2-t3",
      "begin" : 54,
      "end" : 56,
      "text" : "is",
      "whiteSpace" : false
    }, {
      "id" : "s2-t4",
      "begin" : 57,
      "end" : 62,
      "text" : "Astha",
      "whiteSpace" : false
    }, {
      "id" : "s2-t5",
      "begin" : 62,
      "end" : 63,
      "text" : ".",
      "whiteSpace" : false
    } ]
  }, {
    "id" : "s3",
    "begin" : 64,
    "end" : 111,
    "text" : "I want to increase the data limit of my number.",
    "tokens" : [ {
      "id" : "s3-t0",
      "begin" : 64,
      "end" : 65,
      "text" : "I",
      "whiteSpace" : false
    }, {
      "id" : "s3-t1",
      "begin" : 66,
      "end" : 70,
      "text" : "want",
      "whiteSpace" : false
    }, {
      "id" : "s3-t2",
      "begin" : 71,
      "end" : 73,
      "text" : "to",
      "whiteSpace" : false
    }, {
      "id" : "s3-t3",
      "begin" : 74,
      "end" : 82,
      "text" : "increase",
      "whiteSpace" : false
    }, {
      "id" : "s3-t4",
      "begin" : 83,
      "end" : 86,
      "text" : "the",
      "whiteSpace" : false
    }, {
      "id" : "s3-t5",
      "begin" : 87,
      "end" : 91,
      "text" : "data",
      "whiteSpace" : false
    }, {
      "id" : "s3-t6",
      "begin" : 92,
      "end" : 97,
      "text" : "limit",
      "whiteSpace" : false
    }, {
      "id" : "s3-t7",
      "begin" : 98,
      "end" : 100,
      "text" : "of",
      "whiteSpace" : false
    }, {
      "id" : "s3-t8",
      "begin" : 101,
      "end" : 103,
      "text" : "my",
      "whiteSpace" : false
    }, {
      "id" : "s3-t9",
      "begin" : 104,
      "end" : 110,
      "text" : "number",
      "whiteSpace" : false
    }, {
      "id" : "s3-t10",
      "begin" : 110,
      "end" : 111,
      "text" : ".",
      "whiteSpace" : false
    } ]
  }, {
    "id" : "s4",
    "begin" : 112,
    "end" : 142,
    "text" : "Rep: Sure, Mam, I’ll help you.",
    "tokens" : [ {
      "id" : "s4-t0",
      "begin" : 112,
      "end" : 115,
      "text" : "Rep",
      "whiteSpace" : false
    }, {
      "id" : "s4-t1",
      "begin" : 115,
      "end" : 116,
      "text" : ":",
      "whiteSpace" : false
    }, {
      "id" : "s4-t2",
      "begin" : 117,
      "end" : 121,
      "text" : "Sure",
      "whiteSpace" : false
    }, {
      "id" : "s4-t3",
      "begin" : 121,
      "end" : 122,
      "text" : ",",
      "whiteSpace" : false
    }, {
      "id" : "s4-t4",
      "begin" : 123,
      "end" : 126,
      "text" : "Mam",
      "whiteSpace" : false
    }, {
      "id" : "s4-t5",
      "begin" : 126,
      "end" : 127,
      "text" : ",",
      "whiteSpace" : false
    }, {
      "id" : "s4-t6",
      "begin" : 128,
      "end" : 129,
      "text" : "I",
      "whiteSpace" : false
    }, {
      "id" : "s4-t7",
      "begin" : 129,
      "end" : 132,
      "text" : "’ll",
      "whiteSpace" : false
    }, {
      "id" : "s4-t8",
      "begin" : 133,
      "end" : 137,
      "text" : "help",
      "whiteSpace" : false
    }, {
      "id" : "s4-t9",
      "begin" : 138,
      "end" : 141,
      "text" : "you",
      "whiteSpace" : false
    }, {
      "id" : "s4-t10",
      "begin" : 141,
      "end" : 142,
      "text" : ".",
      "whiteSpace" : false
    } ]
  }, {
    "id" : "s5",
    "begin" : 143,
    "end" : 209,
    "text" : "Do you want to add data for the number from which you are calling?",
    "tokens" : [ {
      "id" : "s5-t0",
      "begin" : 143,
      "end" : 145,
      "text" : "Do",
      "whiteSpace" : false
    }, {
      "id" : "s5-t1",
      "begin" : 146,
      "end" : 149,
      "text" : "you",
      "whiteSpace" : false
    }, {
      "id" : "s5-t2",
      "begin" : 150,
      "end" : 154,
      "text" : "want",
      "whiteSpace" : false
    }, {
      "id" : "s5-t3",
      "begin" : 155,
      "end" : 157,
      "text" : "to",
      "whiteSpace" : false
    }, {
      "id" : "s5-t4",
      "begin" : 158,
      "end" : 161,
      "text" : "add",
      "whiteSpace" : false
    }, {
      "id" : "s5-t5",
      "begin" : 162,
      "end" : 166,
      "text" : "data",
      "whiteSpace" : false
    }, {
      "id" : "s5-t6",
      "begin" : 167,
      "end" : 170,
      "text" : "for",
      "whiteSpace" : false
    }, {
      "id" : "s5-t7",
      "begin" : 171,
      "end" : 174,
      "text" : "the",
      "whiteSpace" : false
    }, {
      "id" : "s5-t8",
      "begin" : 175,
      "end" : 181,
      "text" : "number",
      "whiteSpace" : false
    }, {
      "id" : "s5-t9",
      "begin" : 182,
      "end" : 186,
      "text" : "from",
      "whiteSpace" : false
    }, {
      "id" : "s5-t10",
      "begin" : 187,
      "end" : 192,
      "text" : "which",
      "whiteSpace" : false
    }, {
      "id" : "s5-t11",
      "begin" : 193,
      "end" : 196,
      "text" : "you",
      "whiteSpace" : false
    }, {
      "id" : "s5-t12",
      "begin" : 197,
      "end" : 200,
      "text" : "are",
      "whiteSpace" : false
    }, {
      "id" : "s5-t13",
      "begin" : 201,
      "end" : 208,
      "text" : "calling",
      "whiteSpace" : false
    }, {
      "id" : "s5-t14",
      "begin" : 208,
      "end" : 209,
      "text" : "?",
      "whiteSpace" : false
    } ]
  }, {
    "id" : "s6",
    "begin" : 210,
    "end" : 302,
    "text" : "Caller: yes, before that can you please tell me what is the current data limit with my plan?",
    "tokens" : [ {
      "id" : "s6-t0",
      "begin" : 210,
      "end" : 216,
      "text" : "Caller",
      "whiteSpace" : false
    }, {
      "id" : "s6-t1",
      "begin" : 216,
      "end" : 217,
      "text" : ":",
      "whiteSpace" : false
    }, {
      "id" : "s6-t2",
      "begin" : 218,
      "end" : 221,
      "text" : "yes",
      "whiteSpace" : false
    }, {
      "id" : "s6-t3",
      "begin" : 221,
      "end" : 222,
      "text" : ",",
      "whiteSpace" : false
    }, {
      "id" : "s6-t4",
      "begin" : 223,
      "end" : 229,
      "text" : "before",
      "whiteSpace" : false
    }, {
      "id" : "s6-t5",
      "begin" : 230,
      "end" : 234,
      "text" : "that",
      "whiteSpace" : false
    }, {
      "id" : "s6-t6",
      "begin" : 235,
      "end" : 238,
      "text" : "can",
      "whiteSpace" : false
    }, {
      "id" : "s6-t7",
      "begin" : 239,
      "end" : 242,
      "text" : "you",
      "whiteSpace" : false
    }, {
      "id" : "s6-t8",
      "begin" : 243,
      "end" : 249,
      "text" : "please",
      "whiteSpace" : false
    }, {
      "id" : "s6-t9",
      "begin" : 250,
      "end" : 254,
      "text" : "tell",
      "whiteSpace" : false
    }, {
      "id" : "s6-t10",
      "begin" : 255,
      "end" : 257,
      "text" : "me",
      "whiteSpace" : false
    }, {
      "id" : "s6-t11",
      "begin" : 258,
      "end" : 262,
      "text" : "what",
      "whiteSpace" : false
    }, {
      "id" : "s6-t12",
      "begin" : 263,
      "end" : 265,
      "text" : "is",
      "whiteSpace" : false
    }, {
      "id" : "s6-t13",
      "begin" : 266,
      "end" : 269,
      "text" : "the",
      "whiteSpace" : false
    }, {
      "id" : "s6-t14",
      "begin" : 270,
      "end" : 277,
      "text" : "current",
      "whiteSpace" : false
    }, {
      "id" : "s6-t15",
      "begin" : 278,
      "end" : 282,
      "text" : "data",
      "whiteSpace" : false
    }, {
      "id" : "s6-t16",
      "begin" : 283,
      "end" : 288,
      "text" : "limit",
      "whiteSpace" : false
    }, {
      "id" : "s6-t17",
      "begin" : 289,
      "end" : 293,
      "text" : "with",
      "whiteSpace" : false
    }, {
      "id" : "s6-t18",
      "begin" : 294,
      "end" : 296,
      "text" : "my",
      "whiteSpace" : false
    }, {
      "id" : "s6-t19",
      "begin" : 297,
      "end" : 301,
      "text" : "plan",
      "whiteSpace" : false
    }, {
      "id" : "s6-t20",
      "begin" : 301,
      "end" : 302,
      "text" : "?",
      "whiteSpace" : false
    } ]
  }, {
    "id" : "s7",
    "begin" : 303,
    "end" : 317,
    "text" : "Rep: Sure Mam.",
    "tokens" : [ {
      "id" : "s7-t0",
      "begin" : 303,
      "end" : 306,
      "text" : "Rep",
      "whiteSpace" : false
    }, {
      "id" : "s7-t1",
      "begin" : 306,
      "end" : 307,
      "text" : ":",
      "whiteSpace" : false
    }, {
      "id" : "s7-t2",
      "begin" : 308,
      "end" : 312,
      "text" : "Sure",
      "whiteSpace" : false
    }, {
      "id" : "s7-t3",
      "begin" : 313,
      "end" : 316,
      "text" : "Mam",
      "whiteSpace" : false
    }, {
      "id" : "s7-t4",
      "begin" : 316,
      "end" : 317,
      "text" : ".",
      "whiteSpace" : false
    } ]
  }, {
    "id" : "s8",
    "begin" : 318,
    "end" : 343,
    "text" : "Let me check the details.",
    "tokens" : [ {
      "id" : "s8-t0",
      "begin" : 318,
      "end" : 321,
      "text" : "Let",
      "whiteSpace" : false
    }, {
      "id" : "s8-t1",
      "begin" : 322,
      "end" : 324,
      "text" : "me",
      "whiteSpace" : false
    }, {
      "id" : "s8-t2",
      "begin" : 325,
      "end" : 330,
      "text" : "check",
      "whiteSpace" : false
    }, {
      "id" : "s8-t3",
      "begin" : 331,
      "end" : 334,
      "text" : "the",
      "whiteSpace" : false
    }, {
      "id" : "s8-t4",
      "begin" : 335,
      "end" : 342,
      "text" : "details",
      "whiteSpace" : false
    }, {
      "id" : "s8-t5",
      "begin" : 342,
      "end" : 343,
      "text" : ".",
      "whiteSpace" : false
    } ]
  }, {
    "id" : "s9",
    "begin" : 344,
    "end" : 377,
    "text" : "Rep: Mam, it is 300 MB per month.",
    "tokens" : [ {
      "id" : "s9-t0",
      "begin" : 344,
      "end" : 347,
      "text" : "Rep",
      "whiteSpace" : false
    }, {
      "id" : "s9-t1",
      "begin" : 347,
      "end" : 348,
      "text" : ":",
      "whiteSpace" : false
    }, {
      "id" : "s9-t2",
      "begin" : 349,
      "end" : 352,
      "text" : "Mam",
      "whiteSpace" : false
    }, {
      "id" : "s9-t3",
      "begin" : 352,
      "end" : 353,
      "text" : ",",
      "whiteSpace" : false
    }, {
      "id" : "s9-t4",
      "begin" : 354,
      "end" : 356,
      "text" : "it",
      "whiteSpace" : false
    }, {
      "id" : "s9-t5",
      "begin" : 357,
      "end" : 359,
      "text" : "is",
      "whiteSpace" : false
    }, {
      "id" : "s9-t6",
      "begin" : 360,
      "end" : 363,
      "text" : "300",
      "whiteSpace" : false
    }, {
      "id" : "s9-t7",
      "begin" : 364,
      "end" : 366,
      "text" : "MB",
      "whiteSpace" : false
    }, {
      "id" : "s9-t8",
      "begin" : 367,
      "end" : 370,
      "text" : "per",
      "whiteSpace" : false
    }, {
      "id" : "s9-t9",
      "begin" : 371,
      "end" : 376,
      "text" : "month",
      "whiteSpace" : false
    }, {
      "id" : "s9-t10",
      "begin" : 376,
      "end" : 377,
      "text" : ".",
      "whiteSpace" : false
    } ]
  }, {
    "id" : "s10",
    "begin" : 378,
    "end" : 409,
    "text" : "How much data you need 1GB/2GB?",
    "tokens" : [ {
      "id" : "s10-t0",
      "begin" : 378,
      "end" : 381,
      "text" : "How",
      "whiteSpace" : false
    }, {
      "id" : "s10-t1",
      "begin" : 382,
      "end" : 386,
      "text" : "much",
      "whiteSpace" : false
    }, {
      "id" : "s10-t2",
      "begin" : 387,
      "end" : 391,
      "text" : "data",
      "whiteSpace" : false
    }, {
      "id" : "s10-t3",
      "begin" : 392,
      "end" : 395,
      "text" : "you",
      "whiteSpace" : false
    }, {
      "id" : "s10-t4",
      "begin" : 396,
      "end" : 400,
      "text" : "need",
      "whiteSpace" : false
    }, {
      "id" : "s10-t5",
      "begin" : 401,
      "end" : 408,
      "text" : "1GB/2GB",
      "whiteSpace" : false
    }, {
      "id" : "s10-t6",
      "begin" : 408,
      "end" : 409,
      "text" : "?",
      "whiteSpace" : false
    } ]
  }, {
    "id" : "s11",
    "begin" : 410,
    "end" : 439,
    "text" : "Caller: I want 1GB per month.",
    "tokens" : [ {
      "id" : "s11-t0",
      "begin" : 410,
      "end" : 416,
      "text" : "Caller",
      "whiteSpace" : false
    }, {
      "id" : "s11-t1",
      "begin" : 416,
      "end" : 417,
      "text" : ":",
      "whiteSpace" : false
    }, {
      "id" : "s11-t2",
      "begin" : 418,
      "end" : 419,
      "text" : "I",
      "whiteSpace" : false
    }, {
      "id" : "s11-t3",
      "begin" : 420,
      "end" : 424,
      "text" : "want",
      "whiteSpace" : false
    }, {
      "id" : "s11-t4",
      "begin" : 425,
      "end" : 428,
      "text" : "1GB",
      "whiteSpace" : false
    }, {
      "id" : "s11-t5",
      "begin" : 429,
      "end" : 432,
      "text" : "per",
      "whiteSpace" : false
    }, {
      "id" : "s11-t6",
      "begin" : 433,
      "end" : 438,
      "text" : "month",
      "whiteSpace" : false
    }, {
      "id" : "s11-t7",
      "begin" : 438,
      "end" : 439,
      "text" : ".",
      "whiteSpace" : false
    } ]
  }, {
    "id" : "s12",
    "begin" : 440,
    "end" : 454,
    "text" : "Rep: Sure Mam.",
    "tokens" : [ {
      "id" : "s12-t0",
      "begin" : 440,
      "end" : 443,
      "text" : "Rep",
      "whiteSpace" : false
    }, {
      "id" : "s12-t1",
      "begin" : 443,
      "end" : 444,
      "text" : ":",
      "whiteSpace" : false
    }, {
      "id" : "s12-t2",
      "begin" : 445,
      "end" : 449,
      "text" : "Sure",
      "whiteSpace" : false
    }, {
      "id" : "s12-t3",
      "begin" : 450,
      "end" : 453,
      "text" : "Mam",
      "whiteSpace" : false
    }, {
      "id" : "s12-t4",
      "begin" : 453,
      "end" : 454,
      "text" : ".",
      "whiteSpace" : false
    } ]
  }, {
    "id" : "s13",
    "begin" : 455,
    "end" : 535,
    "text" : "Can you please tell your date of birth, it is required for verification purpose.",
    "tokens" : [ {
      "id" : "s13-t0",
      "begin" : 455,
      "end" : 458,
      "text" : "Can",
      "whiteSpace" : false
    }, {
      "id" : "s13-t1",
      "begin" : 459,
      "end" : 462,
      "text" : "you",
      "whiteSpace" : false
    }, {
      "id" : "s13-t2",
      "begin" : 463,
      "end" : 469,
      "text" : "please",
      "whiteSpace" : false
    }, {
      "id" : "s13-t3",
      "begin" : 470,
      "end" : 474,
      "text" : "tell",
      "whiteSpace" : false
    }, {
      "id" : "s13-t4",
      "begin" : 475,
      "end" : 479,
      "text" : "your",
      "whiteSpace" : false
    }, {
      "id" : "s13-t5",
      "begin" : 480,
      "end" : 484,
      "text" : "date",
      "whiteSpace" : false
    }, {
      "id" : "s13-t6",
      "begin" : 485,
      "end" : 487,
      "text" : "of",
      "whiteSpace" : false
    }, {
      "id" : "s13-t7",
      "begin" : 488,
      "end" : 493,
      "text" : "birth",
      "whiteSpace" : false
    }, {
      "id" : "s13-t8",
      "begin" : 493,
      "end" : 494,
      "text" : ",",
      "whiteSpace" : false
    }, {
      "id" : "s13-t9",
      "begin" : 495,
      "end" : 497,
      "text" : "it",
      "whiteSpace" : false
    }, {
      "id" : "s13-t10",
      "begin" : 498,
      "end" : 500,
      "text" : "is",
      "whiteSpace" : false
    }, {
      "id" : "s13-t11",
      "begin" : 501,
      "end" : 509,
      "text" : "required",
      "whiteSpace" : false
    }, {
      "id" : "s13-t12",
      "begin" : 510,
      "end" : 513,
      "text" : "for",
      "whiteSpace" : false
    }, {
      "id" : "s13-t13",
      "begin" : 514,
      "end" : 526,
      "text" : "verification",
      "whiteSpace" : false
    }, {
      "id" : "s13-t14",
      "begin" : 527,
      "end" : 534,
      "text" : "purpose",
      "whiteSpace" : false
    }, {
      "id" : "s13-t15",
      "begin" : 534,
      "end" : 535,
      "text" : ".",
      "whiteSpace" : false
    } ]
  }, {
    "id" : "s14",
    "begin" : 536,
    "end" : 598,
    "text" : "Caller: ok, it is 7th February 1990\nRep: and your email id is?",
    "tokens" : [ {
      "id" : "s14-t0",
      "begin" : 536,
      "end" : 542,
      "text" : "Caller",
      "whiteSpace" : false
    }, {
      "id" : "s14-t1",
      "begin" : 542,
      "end" : 543,
      "text" : ":",
      "whiteSpace" : false
    }, {
      "id" : "s14-t2",
      "begin" : 544,
      "end" : 546,
      "text" : "ok",
      "whiteSpace" : false
    }, {
      "id" : "s14-t3",
      "begin" : 546,
      "end" : 547,
      "text" : ",",
      "whiteSpace" : false
    }, {
      "id" : "s14-t4",
      "begin" : 548,
      "end" : 550,
      "text" : "it",
      "whiteSpace" : false
    }, {
      "id" : "s14-t5",
      "begin" : 551,
      "end" : 553,
      "text" : "is",
      "whiteSpace" : false
    }, {
      "id" : "s14-t6",
      "begin" : 554,
      "end" : 557,
      "text" : "7th",
      "whiteSpace" : false
    }, {
      "id" : "s14-t7",
      "begin" : 558,
      "end" : 566,
      "text" : "February",
      "whiteSpace" : false
    }, {
      "id" : "s14-t8",
      "begin" : 567,
      "end" : 571,
      "text" : "1990",
      "whiteSpace" : false
    }, {
      "id" : "s14-t9",
      "begin" : 572,
      "end" : 575,
      "text" : "Rep",
      "whiteSpace" : false
    }, {
      "id" : "s14-t10",
      "begin" : 575,
      "end" : 576,
      "text" : ":",
      "whiteSpace" : false
    }, {
      "id" : "s14-t11",
      "begin" : 577,
      "end" : 580,
      "text" : "and",
      "whiteSpace" : false
    }, {
      "id" : "s14-t12",
      "begin" : 581,
      "end" : 585,
      "text" : "your",
      "whiteSpace" : false
    }, {
      "id" : "s14-t13",
      "begin" : 586,
      "end" : 591,
      "text" : "email",
      "whiteSpace" : false
    }, {
      "id" : "s14-t14",
      "begin" : 592,
      "end" : 594,
      "text" : "id",
      "whiteSpace" : false
    }, {
      "id" : "s14-t15",
      "begin" : 595,
      "end" : 597,
      "text" : "is",
      "whiteSpace" : false
    }, {
      "id" : "s14-t16",
      "begin" : 597,
      "end" : 598,
      "text" : "?",
      "whiteSpace" : false
    } ]
  }, {
    "id" : "s15",
    "begin" : 599,
    "end" : 723,
    "text" : "Caller: it is astha123@gmail.com\nRep: Mam, as you are using corporate plan, please confirm your office name and employee ID.",
    "tokens" : [ {
      "id" : "s15-t0",
      "begin" : 599,
      "end" : 605,
      "text" : "Caller",
      "whiteSpace" : false
    }, {
      "id" : "s15-t1",
      "begin" : 605,
      "end" : 606,
      "text" : ":",
      "whiteSpace" : false
    }, {
      "id" : "s15-t2",
      "begin" : 607,
      "end" : 609,
      "text" : "it",
      "whiteSpace" : false
    }, {
      "id" : "s15-t3",
      "begin" : 610,
      "end" : 612,
      "text" : "is",
      "whiteSpace" : false
    }, {
      "id" : "s15-t4",
      "begin" : 613,
      "end" : 631,
      "text" : "astha123@gmail.com",
      "whiteSpace" : false
    }, {
      "id" : "s15-t5",
      "begin" : 632,
      "end" : 635,
      "text" : "Rep",
      "whiteSpace" : false
    }, {
      "id" : "s15-t6",
      "begin" : 635,
      "end" : 636,
      "text" : ":",
      "whiteSpace" : false
    }, {
      "id" : "s15-t7",
      "begin" : 637,
      "end" : 640,
      "text" : "Mam",
      "whiteSpace" : false
    }, {
      "id" : "s15-t8",
      "begin" : 640,
      "end" : 641,
      "text" : ",",
      "whiteSpace" : false
    }, {
      "id" : "s15-t9",
      "begin" : 642,
      "end" : 644,
      "text" : "as",
      "whiteSpace" : false
    }, {
      "id" : "s15-t10",
      "begin" : 645,
      "end" : 648,
      "text" : "you",
      "whiteSpace" : false
    }, {
      "id" : "s15-t11",
      "begin" : 649,
      "end" : 652,
      "text" : "are",
      "whiteSpace" : false
    }, {
      "id" : "s15-t12",
      "begin" : 653,
      "end" : 658,
      "text" : "using",
      "whiteSpace" : false
    }, {
      "id" : "s15-t13",
      "begin" : 659,
      "end" : 668,
      "text" : "corporate",
      "whiteSpace" : false
    }, {
      "id" : "s15-t14",
      "begin" : 669,
      "end" : 673,
      "text" : "plan",
      "whiteSpace" : false
    }, {
      "id" : "s15-t15",
      "begin" : 673,
      "end" : 674,
      "text" : ",",
      "whiteSpace" : false
    }, {
      "id" : "s15-t16",
      "begin" : 675,
      "end" : 681,
      "text" : "please",
      "whiteSpace" : false
    }, {
      "id" : "s15-t17",
      "begin" : 682,
      "end" : 689,
      "text" : "confirm",
      "whiteSpace" : false
    }, {
      "id" : "s15-t18",
      "begin" : 690,
      "end" : 694,
      "text" : "your",
      "whiteSpace" : false
    }, {
      "id" : "s15-t19",
      "begin" : 695,
      "end" : 701,
      "text" : "office",
      "whiteSpace" : false
    }, {
      "id" : "s15-t20",
      "begin" : 702,
      "end" : 706,
      "text" : "name",
      "whiteSpace" : false
    }, {
      "id" : "s15-t21",
      "begin" : 707,
      "end" : 710,
      "text" : "and",
      "whiteSpace" : false
    }, {
      "id" : "s15-t22",
      "begin" : 711,
      "end" : 719,
      "text" : "employee",
      "whiteSpace" : false
    }, {
      "id" : "s15-t23",
      "begin" : 720,
      "end" : 722,
      "text" : "ID",
      "whiteSpace" : false
    }, {
      "id" : "s15-t24",
      "begin" : 722,
      "end" : 723,
      "text" : ".",
      "whiteSpace" : false
    } ]
  }, {
    "id" : "s16",
    "begin" : 724,
    "end" : 784,
    "text" : "Caller: Sure, Company name is IBM and employee ID is 890031.",
    "tokens" : [ {
      "id" : "s16-t0",
      "begin" : 724,
      "end" : 730,
      "text" : "Caller",
      "whiteSpace" : false
    }, {
      "id" : "s16-t1",
      "begin" : 730,
      "end" : 731,
      "text" : ":",
      "whiteSpace" : false
    }, {
      "id" : "s16-t2",
      "begin" : 732,
      "end" : 736,
      "text" : "Sure",
      "whiteSpace" : false
    }, {
      "id" : "s16-t3",
      "begin" : 736,
      "end" : 737,
      "text" : ",",
      "whiteSpace" : false
    }, {
      "id" : "s16-t4",
      "begin" : 738,
      "end" : 745,
      "text" : "Company",
      "whiteSpace" : false
    }, {
      "id" : "s16-t5",
      "begin" : 746,
      "end" : 750,
      "text" : "name",
      "whiteSpace" : false
    }, {
      "id" : "s16-t6",
      "begin" : 751,
      "end" : 753,
      "text" : "is",
      "whiteSpace" : false
    }, {
      "id" : "s16-t7",
      "begin" : 754,
      "end" : 757,
      "text" : "IBM",
      "whiteSpace" : false
    }, {
      "id" : "s16-t8",
      "begin" : 758,
      "end" : 761,
      "text" : "and",
      "whiteSpace" : false
    }, {
      "id" : "s16-t9",
      "begin" : 762,
      "end" : 770,
      "text" : "employee",
      "whiteSpace" : false
    }, {
      "id" : "s16-t10",
      "begin" : 771,
      "end" : 773,
      "text" : "ID",
      "whiteSpace" : false
    }, {
      "id" : "s16-t11",
      "begin" : 774,
      "end" : 776,
      "text" : "is",
      "whiteSpace" : false
    }, {
      "id" : "s16-t12",
      "begin" : 777,
      "end" : 783,
      "text" : "890031",
      "whiteSpace" : false
    }, {
      "id" : "s16-t13",
      "begin" : 783,
      "end" : 784,
      "text" : ".",
      "whiteSpace" : false
    } ]
  }, {
    "id" : "s17",
    "begin" : 785,
    "end" : 817,
    "text" : "Rep: Thank you for verification.",
    "tokens" : [ {
      "id" : "s17-t0",
      "begin" : 785,
      "end" : 788,
      "text" : "Rep",
      "whiteSpace" : false
    }, {
      "id" : "s17-t1",
      "begin" : 788,
      "end" : 789,
      "text" : ":",
      "whiteSpace" : false
    }, {
      "id" : "s17-t2",
      "begin" : 790,
      "end" : 795,
      "text" : "Thank",
      "whiteSpace" : false
    }, {
      "id" : "s17-t3",
      "begin" : 796,
      "end" : 799,
      "text" : "you",
      "whiteSpace" : false
    }, {
      "id" : "s17-t4",
      "begin" : 800,
      "end" : 803,
      "text" : "for",
      "whiteSpace" : false
    }, {
      "id" : "s17-t5",
      "begin" : 804,
      "end" : 816,
      "text" : "verification",
      "whiteSpace" : false
    }, {
      "id" : "s17-t6",
      "begin" : 816,
      "end" : 817,
      "text" : ".",
      "whiteSpace" : false
    } ]
  }, {
    "id" : "s18",
    "begin" : 818,
    "end" : 912,
    "text" : "Wait a min..\nRep: Ok.. I have raised a service request to increase data limit for your number.",
    "tokens" : [ {
      "id" : "s18-t0",
      "begin" : 818,
      "end" : 822,
      "text" : "Wait",
      "whiteSpace" : false
    }, {
      "id" : "s18-t1",
      "begin" : 823,
      "end" : 824,
      "text" : "a",
      "whiteSpace" : false
    }, {
      "id" : "s18-t2",
      "begin" : 825,
      "end" : 828,
      "text" : "min",
      "whiteSpace" : false
    }, {
      "id" : "s18-t3",
      "begin" : 828,
      "end" : 830,
      "text" : "..",
      "whiteSpace" : false
    }, {
      "id" : "s18-t4",
      "begin" : 831,
      "end" : 834,
      "text" : "Rep",
      "whiteSpace" : false
    }, {
      "id" : "s18-t5",
      "begin" : 834,
      "end" : 835,
      "text" : ":",
      "whiteSpace" : false
    }, {
      "id" : "s18-t6",
      "begin" : 836,
      "end" : 838,
      "text" : "Ok",
      "whiteSpace" : false
    }, {
      "id" : "s18-t7",
      "begin" : 838,
      "end" : 840,
      "text" : "..",
      "whiteSpace" : false
    }, {
      "id" : "s18-t8",
      "begin" : 841,
      "end" : 842,
      "text" : "I",
      "whiteSpace" : false
    }, {
      "id" : "s18-t9",
      "begin" : 843,
      "end" : 847,
      "text" : "have",
      "whiteSpace" : false
    }, {
      "id" : "s18-t10",
      "begin" : 848,
      "end" : 854,
      "text" : "raised",
      "whiteSpace" : false
    }, {
      "id" : "s18-t11",
      "begin" : 855,
      "end" : 856,
      "text" : "a",
      "whiteSpace" : false
    }, {
      "id" : "s18-t12",
      "begin" : 857,
      "end" : 864,
      "text" : "service",
      "whiteSpace" : false
    }, {
      "id" : "s18-t13",
      "begin" : 865,
      "end" : 872,
      "text" : "request",
      "whiteSpace" : false
    }, {
      "id" : "s18-t14",
      "begin" : 873,
      "end" : 875,
      "text" : "to",
      "whiteSpace" : false
    }, {
      "id" : "s18-t15",
      "begin" : 876,
      "end" : 884,
      "text" : "increase",
      "whiteSpace" : false
    }, {
      "id" : "s18-t16",
      "begin" : 885,
      "end" : 889,
      "text" : "data",
      "whiteSpace" : false
    }, {
      "id" : "s18-t17",
      "begin" : 890,
      "end" : 895,
      "text" : "limit",
      "whiteSpace" : false
    }, {
      "id" : "s18-t18",
      "begin" : 896,
      "end" : 899,
      "text" : "for",
      "whiteSpace" : false
    }, {
      "id" : "s18-t19",
      "begin" : 900,
      "end" : 904,
      "text" : "your",
      "whiteSpace" : false
    }, {
      "id" : "s18-t20",
      "begin" : 905,
      "end" : 911,
      "text" : "number",
      "whiteSpace" : false
    }, {
      "id" : "s18-t21",
      "begin" : 911,
      "end" : 912,
      "text" : ".",
      "whiteSpace" : false
    } ]
  }, {
    "id" : "s19",
    "begin" : 913,
    "end" : 952,
    "text" : "You will get an update within 24 hours.",
    "tokens" : [ {
      "id" : "s19-t0",
      "begin" : 913,
      "end" : 916,
      "text" : "You",
      "whiteSpace" : false
    }, {
      "id" : "s19-t1",
      "begin" : 917,
      "end" : 921,
      "text" : "will",
      "whiteSpace" : false
    }, {
      "id" : "s19-t2",
      "begin" : 922,
      "end" : 925,
      "text" : "get",
      "whiteSpace" : false
    }, {
      "id" : "s19-t3",
      "begin" : 926,
      "end" : 928,
      "text" : "an",
      "whiteSpace" : false
    }, {
      "id" : "s19-t4",
      "begin" : 929,
      "end" : 935,
      "text" : "update",
      "whiteSpace" : false
    }, {
      "id" : "s19-t5",
      "begin" : 936,
      "end" : 942,
      "text" : "within",
      "whiteSpace" : false
    }, {
      "id" : "s19-t6",
      "begin" : 943,
      "end" : 945,
      "text" : "24",
      "whiteSpace" : false
    }, {
      "id" : "s19-t7",
      "begin" : 946,
      "end" : 951,
      "text" : "hours",
      "whiteSpace" : false
    }, {
      "id" : "s19-t8",
      "begin" : 951,
      "end" : 952,
      "text" : ".",
      "whiteSpace" : false
    } ]
  }, {
    "id" : "s20",
    "begin" : 953,
    "end" : 1045,
    "text" : "Is there anything else that I can help you with\nCaller: No\nRep: Thanks for calling Vodafone.",
    "tokens" : [ {
      "id" : "s20-t0",
      "begin" : 953,
      "end" : 955,
      "text" : "Is",
      "whiteSpace" : false
    }, {
      "id" : "s20-t1",
      "begin" : 956,
      "end" : 961,
      "text" : "there",
      "whiteSpace" : false
    }, {
      "id" : "s20-t2",
      "begin" : 962,
      "end" : 970,
      "text" : "anything",
      "whiteSpace" : false
    }, {
      "id" : "s20-t3",
      "begin" : 971,
      "end" : 975,
      "text" : "else",
      "whiteSpace" : false
    }, {
      "id" : "s20-t4",
      "begin" : 976,
      "end" : 980,
      "text" : "that",
      "whiteSpace" : false
    }, {
      "id" : "s20-t5",
      "begin" : 981,
      "end" : 982,
      "text" : "I",
      "whiteSpace" : false
    }, {
      "id" : "s20-t6",
      "begin" : 983,
      "end" : 986,
      "text" : "can",
      "whiteSpace" : false
    }, {
      "id" : "s20-t7",
      "begin" : 987,
      "end" : 991,
      "text" : "help",
      "whiteSpace" : false
    }, {
      "id" : "s20-t8",
      "begin" : 992,
      "end" : 995,
      "text" : "you",
      "whiteSpace" : false
    }, {
      "id" : "s20-t9",
      "begin" : 996,
      "end" : 1000,
      "text" : "with",
      "whiteSpace" : false
    }, {
      "id" : "s20-t10",
      "begin" : 1001,
      "end" : 1007,
      "text" : "Caller",
      "whiteSpace" : false
    }, {
      "id" : "s20-t11",
      "begin" : 1007,
      "end" : 1008,
      "text" : ":",
      "whiteSpace" : false
    }, {
      "id" : "s20-t12",
      "begin" : 1009,
      "end" : 1011,
      "text" : "No",
      "whiteSpace" : false
    }, {
      "id" : "s20-t13",
      "begin" : 1012,
      "end" : 1015,
      "text" : "Rep",
      "whiteSpace" : false
    }, {
      "id" : "s20-t14",
      "begin" : 1015,
      "end" : 1016,
      "text" : ":",
      "whiteSpace" : false
    }, {
      "id" : "s20-t15",
      "begin" : 1017,
      "end" : 1023,
      "text" : "Thanks",
      "whiteSpace" : false
    }, {
      "id" : "s20-t16",
      "begin" : 1024,
      "end" : 1027,
      "text" : "for",
      "whiteSpace" : false
    }, {
      "id" : "s20-t17",
      "begin" : 1028,
      "end" : 1035,
      "text" : "calling",
      "whiteSpace" : false
    }, {
      "id" : "s20-t18",
      "begin" : 1036,
      "end" : 1044,
      "text" : "Vodafone",
      "whiteSpace" : false
    }, {
      "id" : "s20-t19",
      "begin" : 1044,
      "end" : 1045,
      "text" : ".",
      "whiteSpace" : false
    } ]
  }, {
    "id" : "s21",
    "begin" : 1046,
    "end" : 1062,
    "text" : "Have a good day.",
    "tokens" : [ {
      "id" : "s21-t0",
      "begin" : 1046,
      "end" : 1050,
      "text" : "Have",
      "whiteSpace" : false
    }, {
      "id" : "s21-t1",
      "begin" : 1051,
      "end" : 1052,
      "text" : "a",
      "whiteSpace" : false
    }, {
      "id" : "s21-t2",
      "begin" : 1053,
      "end" : 1057,
      "text" : "good",
      "whiteSpace" : false
    }, {
      "id" : "s21-t3",
      "begin" : 1058,
      "end" : 1061,
      "text" : "day",
      "whiteSpace" : false
    }, {
      "id" : "s21-t4",
      "begin" : 1061,
      "end" : 1062,
      "text" : ".",
      "whiteSpace" : false
    } ]
  } ],
  "mentions" : [ {
    "id" : "s2-m1",
    "properties" : {
      "SIRE_MENTION_ROLE" : "Name",
      "SIRE_ENTITY_SUBTYPE" : "NONE",
      "SIRE_MENTION_TYPE" : "NONE",
      "SIRE_MENTION_CLASS" : "SPC"
    },
    "type" : "Name",
    "begin" : 57,
    "end" : 62,
    "inCoref" : false
  }, {
    "id" : "s14-m1",
    "properties" : {
      "SIRE_MENTION_ROLE" : "DOB",
      "SIRE_ENTITY_SUBTYPE" : "NONE",
      "SIRE_MENTION_TYPE" : "NONE",
      "SIRE_MENTION_CLASS" : "SPC"
    },
    "type" : "DOB",
    "begin" : 554,
    "end" : 571,
    "inCoref" : false
  }, {
    "id" : "s15-m1",
    "properties" : {
      "SIRE_MENTION_ROLE" : "EmailId",
      "SIRE_ENTITY_SUBTYPE" : "NONE",
      "SIRE_MENTION_TYPE" : "NONE",
      "SIRE_MENTION_CLASS" : "SPC"
    },
    "type" : "EmailId",
    "begin" : 613,
    "end" : 631,
    "inCoref" : false
  }, {
    "id" : "s16-m1",
    "properties" : {
      "SIRE_MENTION_ROLE" : "Company",
      "SIRE_ENTITY_SUBTYPE" : "NONE",
      "SIRE_MENTION_TYPE" : "NONE",
      "SIRE_MENTION_CLASS" : "SPC"
    },
    "type" : "Company",
    "begin" : 754,
    "end" : 757,
    "inCoref" : false
  }, {
    "id" : "s16-m2",
    "properties" : {
      "SIRE_MENTION_ROLE" : "EmployeeId",
      "SIRE_ENTITY_SUBTYPE" : "NONE",
      "SIRE_MENTION_TYPE" : "NONE",
      "SIRE_MENTION_CLASS" : "SPC"
    },
    "type" : "EmployeeId",
    "begin" : 777,
    "end" : 783,
    "inCoref" : false
  } ],
  "relations" : [ ],
  "corefs" : [ ],
  "typeResolved" : true,
  "userResolved" : false
}