{
  "id" : "b39fdf60-bd4d-11e7-af2d-855b67e2d9c7-10",
  "name" : "Chat011.txt",
  "createdDate" : 1509352708182,
  "version" : 3,
  "text" : "Rep: This is Karthik. How can I help you?\nCaller: Hi, this is John. I wanted to request for cheque book.\nRep: Sure, I can help you.  For verification purpose may I know your date of birth and email id\nCaller: My date of birth is 19-Apr-89 and email is askme@yahoo.com\nRep: Thank you for providing the information. Can you verify your communication address\nCaller : #100, 3rd floor, ABC Apartments, BSK III  Stage, Bangalore-75\nRep: May i have your phone number\nCaller: 10101-01010\nRep : Thanks for providing the details. Your request will be processed shortly.\n",
  "docLength" : 0,
  "language" : "EN",
  "status" : "IN_PROGRESS",
  "modifiedDate" : 1578337701419,
  "documentSet" : [ ],
  "preannotation" : [ ],
  "sentences" : [ {
    "id" : "s0",
    "begin" : 0,
    "end" : 21,
    "text" : "Rep: This is Karthik.",
    "tokens" : [ {
      "id" : "s0-t0",
      "begin" : 0,
      "end" : 3,
      "text" : "Rep",
      "whiteSpace" : false
    }, {
      "id" : "s0-t1",
      "begin" : 3,
      "end" : 4,
      "text" : ":",
      "whiteSpace" : false
    }, {
      "id" : "s0-t2",
      "begin" : 5,
      "end" : 9,
      "text" : "This",
      "whiteSpace" : false
    }, {
      "id" : "s0-t3",
      "begin" : 10,
      "end" : 12,
      "text" : "is",
      "whiteSpace" : false
    }, {
      "id" : "s0-t4",
      "begin" : 13,
      "end" : 20,
      "text" : "Karthik",
      "whiteSpace" : false
    }, {
      "id" : "s0-t5",
      "begin" : 20,
      "end" : 21,
      "text" : ".",
      "whiteSpace" : false
    } ]
  }, {
    "id" : "s1",
    "begin" : 22,
    "end" : 41,
    "text" : "How can I help you?",
    "tokens" : [ {
      "id" : "s1-t0",
      "begin" : 22,
      "end" : 25,
      "text" : "How",
      "whiteSpace" : false
    }, {
      "id" : "s1-t1",
      "begin" : 26,
      "end" : 29,
      "text" : "can",
      "whiteSpace" : false
    }, {
      "id" : "s1-t2",
      "begin" : 30,
      "end" : 31,
      "text" : "I",
      "whiteSpace" : false
    }, {
      "id" : "s1-t3",
      "begin" : 32,
      "end" : 36,
      "text" : "help",
      "whiteSpace" : false
    }, {
      "id" : "s1-t4",
      "begin" : 37,
      "end" : 40,
      "text" : "you",
      "whiteSpace" : false
    }, {
      "id" : "s1-t5",
      "begin" : 40,
      "end" : 41,
      "text" : "?",
      "whiteSpace" : false
    } ]
  }, {
    "id" : "s2",
    "begin" : 42,
    "end" : 67,
    "text" : "Caller: Hi, this is John.",
    "tokens" : [ {
      "id" : "s2-t0",
      "begin" : 42,
      "end" : 48,
      "text" : "Caller",
      "whiteSpace" : false
    }, {
      "id" : "s2-t1",
      "begin" : 48,
      "end" : 49,
      "text" : ":",
      "whiteSpace" : false
    }, {
      "id" : "s2-t2",
      "begin" : 50,
      "end" : 52,
      "text" : "Hi",
      "whiteSpace" : false
    }, {
      "id" : "s2-t3",
      "begin" : 52,
      "end" : 53,
      "text" : ",",
      "whiteSpace" : false
    }, {
      "id" : "s2-t4",
      "begin" : 54,
      "end" : 58,
      "text" : "this",
      "whiteSpace" : false
    }, {
      "id" : "s2-t5",
      "begin" : 59,
      "end" : 61,
      "text" : "is",
      "whiteSpace" : false
    }, {
      "id" : "s2-t6",
      "begin" : 62,
      "end" : 66,
      "text" : "John",
      "whiteSpace" : false
    }, {
      "id" : "s2-t7",
      "begin" : 66,
      "end" : 67,
      "text" : ".",
      "whiteSpace" : false
    } ]
  }, {
    "id" : "s3",
    "begin" : 68,
    "end" : 104,
    "text" : "I wanted to request for cheque book.",
    "tokens" : [ {
      "id" : "s3-t0",
      "begin" : 68,
      "end" : 69,
      "text" : "I",
      "whiteSpace" : false
    }, {
      "id" : "s3-t1",
      "begin" : 70,
      "end" : 76,
      "text" : "wanted",
      "whiteSpace" : false
    }, {
      "id" : "s3-t2",
      "begin" : 77,
      "end" : 79,
      "text" : "to",
      "whiteSpace" : false
    }, {
      "id" : "s3-t3",
      "begin" : 80,
      "end" : 87,
      "text" : "request",
      "whiteSpace" : false
    }, {
      "id" : "s3-t4",
      "begin" : 88,
      "end" : 91,
      "text" : "for",
      "whiteSpace" : false
    }, {
      "id" : "s3-t5",
      "begin" : 92,
      "end" : 98,
      "text" : "cheque",
      "whiteSpace" : false
    }, {
      "id" : "s3-t6",
      "begin" : 99,
      "end" : 103,
      "text" : "book",
      "whiteSpace" : false
    }, {
      "id" : "s3-t7",
      "begin" : 103,
      "end" : 104,
      "text" : ".",
      "whiteSpace" : false
    } ]
  }, {
    "id" : "s4",
    "begin" : 105,
    "end" : 131,
    "text" : "Rep: Sure, I can help you.",
    "tokens" : [ {
      "id" : "s4-t0",
      "begin" : 105,
      "end" : 108,
      "text" : "Rep",
      "whiteSpace" : false
    }, {
      "id" : "s4-t1",
      "begin" : 108,
      "end" : 109,
      "text" : ":",
      "whiteSpace" : false
    }, {
      "id" : "s4-t2",
      "begin" : 110,
      "end" : 114,
      "text" : "Sure",
      "whiteSpace" : false
    }, {
      "id" : "s4-t3",
      "begin" : 114,
      "end" : 115,
      "text" : ",",
      "whiteSpace" : false
    }, {
      "id" : "s4-t4",
      "begin" : 116,
      "end" : 117,
      "text" : "I",
      "whiteSpace" : false
    }, {
      "id" : "s4-t5",
      "begin" : 118,
      "end" : 121,
      "text" : "can",
      "whiteSpace" : false
    }, {
      "id" : "s4-t6",
      "begin" : 122,
      "end" : 126,
      "text" : "help",
      "whiteSpace" : false
    }, {
      "id" : "s4-t7",
      "begin" : 127,
      "end" : 130,
      "text" : "you",
      "whiteSpace" : false
    }, {
      "id" : "s4-t8",
      "begin" : 130,
      "end" : 131,
      "text" : ".",
      "whiteSpace" : false
    } ]
  }, {
    "id" : "s5",
    "begin" : 133,
    "end" : 313,
    "text" : "For verification purpose may I know your date of birth and email id\nCaller: My date of birth is 19-Apr-89 and email is askme@yahoo.com\nRep: Thank you for providing the information.",
    "tokens" : [ {
      "id" : "s5-t0",
      "begin" : 133,
      "end" : 136,
      "text" : "For",
      "whiteSpace" : false
    }, {
      "id" : "s5-t1",
      "begin" : 137,
      "end" : 149,
      "text" : "verification",
      "whiteSpace" : false
    }, {
      "id" : "s5-t2",
      "begin" : 150,
      "end" : 157,
      "text" : "purpose",
      "whiteSpace" : false
    }, {
      "id" : "s5-t3",
      "begin" : 158,
      "end" : 161,
      "text" : "may",
      "whiteSpace" : false
    }, {
      "id" : "s5-t4",
      "begin" : 162,
      "end" : 163,
      "text" : "I",
      "whiteSpace" : false
    }, {
      "id" : "s5-t5",
      "begin" : 164,
      "end" : 168,
      "text" : "know",
      "whiteSpace" : false
    }, {
      "id" : "s5-t6",
      "begin" : 169,
      "end" : 173,
      "text" : "your",
      "whiteSpace" : false
    }, {
      "id" : "s5-t7",
      "begin" : 174,
      "end" : 178,
      "text" : "date",
      "whiteSpace" : false
    }, {
      "id" : "s5-t8",
      "begin" : 179,
      "end" : 181,
      "text" : "of",
      "whiteSpace" : false
    }, {
      "id" : "s5-t9",
      "begin" : 182,
      "end" : 187,
      "text" : "birth",
      "whiteSpace" : false
    }, {
      "id" : "s5-t10",
      "begin" : 188,
      "end" : 191,
      "text" : "and",
      "whiteSpace" : false
    }, {
      "id" : "s5-t11",
      "begin" : 192,
      "end" : 197,
      "text" : "email",
      "whiteSpace" : false
    }, {
      "id" : "s5-t12",
      "begin" : 198,
      "end" : 200,
      "text" : "id",
      "whiteSpace" : false
    }, {
      "id" : "s5-t13",
      "begin" : 201,
      "end" : 207,
      "text" : "Caller",
      "whiteSpace" : false
    }, {
      "id" : "s5-t14",
      "begin" : 207,
      "end" : 208,
      "text" : ":",
      "whiteSpace" : false
    }, {
      "id" : "s5-t15",
      "begin" : 209,
      "end" : 211,
      "text" : "My",
      "whiteSpace" : false
    }, {
      "id" : "s5-t16",
      "begin" : 212,
      "end" : 216,
      "text" : "date",
      "whiteSpace" : false
    }, {
      "id" : "s5-t17",
      "begin" : 217,
      "end" : 219,
      "text" : "of",
      "whiteSpace" : false
    }, {
      "id" : "s5-t18",
      "begin" : 220,
      "end" : 225,
      "text" : "birth",
      "whiteSpace" : false
    }, {
      "id" : "s5-t19",
      "begin" : 226,
      "end" : 228,
      "text" : "is",
      "whiteSpace" : false
    }, {
      "id" : "s5-t20",
      "begin" : 229,
      "end" : 235,
      "text" : "19-Apr",
      "whiteSpace" : false
    }, {
      "id" : "s5-t21",
      "begin" : 235,
      "end" : 236,
      "text" : "-",
      "whiteSpace" : false
    }, {
      "id" : "s5-t22",
      "begin" : 236,
      "end" : 238,
      "text" : "89",
      "whiteSpace" : false
    }, {
      "id" : "s5-t23",
      "begin" : 239,
      "end" : 242,
      "text" : "and",
      "whiteSpace" : false
    }, {
      "id" : "s5-t24",
      "begin" : 243,
      "end" : 248,
      "text" : "email",
      "whiteSpace" : false
    }, {
      "id" : "s5-t25",
      "begin" : 249,
      "end" : 251,
      "text" : "is",
      "whiteSpace" : false
    }, {
      "id" : "s5-t26",
      "begin" : 252,
      "end" : 267,
      "text" : "askme@yahoo.com",
      "whiteSpace" : false
    }, {
      "id" : "s5-t27",
      "begin" : 268,
      "end" : 271,
      "text" : "Rep",
      "whiteSpace" : false
    }, {
      "id" : "s5-t28",
      "begin" : 271,
      "end" : 272,
      "text" : ":",
      "whiteSpace" : false
    }, {
      "id" : "s5-t29",
      "begin" : 273,
      "end" : 278,
      "text" : "Thank",
      "whiteSpace" : false
    }, {
      "id" : "s5-t30",
      "begin" : 279,
      "end" : 282,
      "text" : "you",
      "whiteSpace" : false
    }, {
      "id" : "s5-t31",
      "begin" : 283,
      "end" : 286,
      "text" : "for",
      "whiteSpace" : false
    }, {
      "id" : "s5-t32",
      "begin" : 287,
      "end" : 296,
      "text" : "providing",
      "whiteSpace" : false
    }, {
      "id" : "s5-t33",
      "begin" : 297,
      "end" : 300,
      "text" : "the",
      "whiteSpace" : false
    }, {
      "id" : "s5-t34",
      "begin" : 301,
      "end" : 312,
      "text" : "information",
      "whiteSpace" : false
    }, {
      "id" : "s5-t35",
      "begin" : 312,
      "end" : 313,
      "text" : ".",
      "whiteSpace" : false
    } ]
  }, {
    "id" : "s6",
    "begin" : 314,
    "end" : 520,
    "text" : "Can you verify your communication address\nCaller : #100, 3rd floor, ABC Apartments, BSK III  Stage, Bangalore-75\nRep: May i have your phone number\nCaller: 10101-01010\nRep : Thanks for providing the details.",
    "tokens" : [ {
      "id" : "s6-t0",
      "begin" : 314,
      "end" : 317,
      "text" : "Can",
      "whiteSpace" : false
    }, {
      "id" : "s6-t1",
      "begin" : 318,
      "end" : 321,
      "text" : "you",
      "whiteSpace" : false
    }, {
      "id" : "s6-t2",
      "begin" : 322,
      "end" : 328,
      "text" : "verify",
      "whiteSpace" : false
    }, {
      "id" : "s6-t3",
      "begin" : 329,
      "end" : 333,
      "text" : "your",
      "whiteSpace" : false
    }, {
      "id" : "s6-t4",
      "begin" : 334,
      "end" : 347,
      "text" : "communication",
      "whiteSpace" : false
    }, {
      "id" : "s6-t5",
      "begin" : 348,
      "end" : 355,
      "text" : "address",
      "whiteSpace" : false
    }, {
      "id" : "s6-t6",
      "begin" : 356,
      "end" : 362,
      "text" : "Caller",
      "whiteSpace" : false
    }, {
      "id" : "s6-t7",
      "begin" : 363,
      "end" : 364,
      "text" : ":",
      "whiteSpace" : false
    }, {
      "id" : "s6-t8",
      "begin" : 365,
      "end" : 369,
      "text" : "#100",
      "whiteSpace" : false
    }, {
      "id" : "s6-t9",
      "begin" : 369,
      "end" : 370,
      "text" : ",",
      "whiteSpace" : false
    }, {
      "id" : "s6-t10",
      "begin" : 371,
      "end" : 374,
      "text" : "3rd",
      "whiteSpace" : false
    }, {
      "id" : "s6-t11",
      "begin" : 375,
      "end" : 380,
      "text" : "floor",
      "whiteSpace" : false
    }, {
      "id" : "s6-t12",
      "begin" : 380,
      "end" : 381,
      "text" : ",",
      "whiteSpace" : false
    }, {
      "id" : "s6-t13",
      "begin" : 382,
      "end" : 385,
      "text" : "ABC",
      "whiteSpace" : false
    }, {
      "id" : "s6-t14",
      "begin" : 386,
      "end" : 396,
      "text" : "Apartments",
      "whiteSpace" : false
    }, {
      "id" : "s6-t15",
      "begin" : 396,
      "end" : 397,
      "text" : ",",
      "whiteSpace" : false
    }, {
      "id" : "s6-t16",
      "begin" : 398,
      "end" : 401,
      "text" : "BSK",
      "whiteSpace" : false
    }, {
      "id" : "s6-t17",
      "begin" : 402,
      "end" : 405,
      "text" : "III",
      "whiteSpace" : false
    }, {
      "id" : "s6-t18",
      "begin" : 407,
      "end" : 412,
      "text" : "Stage",
      "whiteSpace" : false
    }, {
      "id" : "s6-t19",
      "begin" : 412,
      "end" : 413,
      "text" : ",",
      "whiteSpace" : false
    }, {
      "id" : "s6-t20",
      "begin" : 414,
      "end" : 423,
      "text" : "Bangalore",
      "whiteSpace" : false
    }, {
      "id" : "s6-t21",
      "begin" : 423,
      "end" : 424,
      "text" : "-",
      "whiteSpace" : false
    }, {
      "id" : "s6-t22",
      "begin" : 424,
      "end" : 426,
      "text" : "75",
      "whiteSpace" : false
    }, {
      "id" : "s6-t23",
      "begin" : 427,
      "end" : 430,
      "text" : "Rep",
      "whiteSpace" : false
    }, {
      "id" : "s6-t24",
      "begin" : 430,
      "end" : 431,
      "text" : ":",
      "whiteSpace" : false
    }, {
      "id" : "s6-t25",
      "begin" : 432,
      "end" : 435,
      "text" : "May",
      "whiteSpace" : false
    }, {
      "id" : "s6-t26",
      "begin" : 436,
      "end" : 437,
      "text" : "i",
      "whiteSpace" : false
    }, {
      "id" : "s6-t27",
      "begin" : 438,
      "end" : 442,
      "text" : "have",
      "whiteSpace" : false
    }, {
      "id" : "s6-t28",
      "begin" : 443,
      "end" : 447,
      "text" : "your",
      "whiteSpace" : false
    }, {
      "id" : "s6-t29",
      "begin" : 448,
      "end" : 453,
      "text" : "phone",
      "whiteSpace" : false
    }, {
      "id" : "s6-t30",
      "begin" : 454,
      "end" : 460,
      "text" : "number",
      "whiteSpace" : false
    }, {
      "id" : "s6-t31",
      "begin" : 461,
      "end" : 467,
      "text" : "Caller",
      "whiteSpace" : false
    }, {
      "id" : "s6-t32",
      "begin" : 467,
      "end" : 468,
      "text" : ":",
      "whiteSpace" : false
    }, {
      "id" : "s6-t33",
      "begin" : 469,
      "end" : 480,
      "text" : "10101-01010",
      "whiteSpace" : false
    }, {
      "id" : "s6-t34",
      "begin" : 481,
      "end" : 484,
      "text" : "Rep",
      "whiteSpace" : false
    }, {
      "id" : "s6-t35",
      "begin" : 485,
      "end" : 486,
      "text" : ":",
      "whiteSpace" : false
    }, {
      "id" : "s6-t36",
      "begin" : 487,
      "end" : 493,
      "text" : "Thanks",
      "whiteSpace" : false
    }, {
      "id" : "s6-t37",
      "begin" : 494,
      "end" : 497,
      "text" : "for",
      "whiteSpace" : false
    }, {
      "id" : "s6-t38",
      "begin" : 498,
      "end" : 507,
      "text" : "providing",
      "whiteSpace" : false
    }, {
      "id" : "s6-t39",
      "begin" : 508,
      "end" : 511,
      "text" : "the",
      "whiteSpace" : false
    }, {
      "id" : "s6-t40",
      "begin" : 512,
      "end" : 519,
      "text" : "details",
      "whiteSpace" : false
    }, {
      "id" : "s6-t41",
      "begin" : 519,
      "end" : 520,
      "text" : ".",
      "whiteSpace" : false
    } ]
  }, {
    "id" : "s7",
    "begin" : 521,
    "end" : 560,
    "text" : "Your request will be processed shortly.",
    "tokens" : [ {
      "id" : "s7-t0",
      "begin" : 521,
      "end" : 525,
      "text" : "Your",
      "whiteSpace" : false
    }, {
      "id" : "s7-t1",
      "begin" : 526,
      "end" : 533,
      "text" : "request",
      "whiteSpace" : false
    }, {
      "id" : "s7-t2",
      "begin" : 534,
      "end" : 538,
      "text" : "will",
      "whiteSpace" : false
    }, {
      "id" : "s7-t3",
      "begin" : 539,
      "end" : 541,
      "text" : "be",
      "whiteSpace" : false
    }, {
      "id" : "s7-t4",
      "begin" : 542,
      "end" : 551,
      "text" : "processed",
      "whiteSpace" : false
    }, {
      "id" : "s7-t5",
      "begin" : 552,
      "end" : 559,
      "text" : "shortly",
      "whiteSpace" : false
    }, {
      "id" : "s7-t6",
      "begin" : 559,
      "end" : 560,
      "text" : ".",
      "whiteSpace" : false
    } ]
  } ],
  "mentions" : [ {
    "id" : "s2-m1",
    "properties" : {
      "SIRE_MENTION_ROLE" : "Name",
      "SIRE_ENTITY_SUBTYPE" : "NONE",
      "SIRE_MENTION_TYPE" : "NONE",
      "SIRE_MENTION_CLASS" : "SPC"
    },
    "type" : "Name",
    "begin" : 62,
    "end" : 66,
    "inCoref" : false
  }, {
    "id" : "s5-m1",
    "properties" : {
      "SIRE_MENTION_ROLE" : "DOB",
      "SIRE_ENTITY_SUBTYPE" : "NONE",
      "SIRE_MENTION_TYPE" : "NONE",
      "SIRE_MENTION_CLASS" : "SPC"
    },
    "type" : "DOB",
    "begin" : 229,
    "end" : 238,
    "inCoref" : false
  }, {
    "id" : "s5-m2",
    "properties" : {
      "SIRE_MENTION_ROLE" : "EmailId",
      "SIRE_ENTITY_SUBTYPE" : "NONE",
      "SIRE_MENTION_TYPE" : "NONE",
      "SIRE_MENTION_CLASS" : "SPC"
    },
    "type" : "EmailId",
    "begin" : 252,
    "end" : 267,
    "inCoref" : false
  }, {
    "id" : "s6-m1",
    "properties" : {
      "SIRE_MENTION_ROLE" : "Address",
      "SIRE_ENTITY_SUBTYPE" : "NONE",
      "SIRE_MENTION_TYPE" : "NONE",
      "SIRE_MENTION_CLASS" : "SPC"
    },
    "type" : "Address",
    "begin" : 365,
    "end" : 430,
    "inCoref" : false
  }, {
    "id" : "s6-m2",
    "properties" : {
      "SIRE_MENTION_ROLE" : "MobileNo",
      "SIRE_ENTITY_SUBTYPE" : "NONE",
      "SIRE_MENTION_TYPE" : "NONE",
      "SIRE_MENTION_CLASS" : "SPC"
    },
    "type" : "MobileNo",
    "begin" : 469,
    "end" : 480,
    "inCoref" : false
  } ],
  "relations" : [ ],
  "corefs" : [ ],
  "typeResolved" : true,
  "userResolved" : false
}