{
  "id" : "b39fdf60-bd4d-11e7-af2d-855b67e2d9c7-12",
  "name" : "Chat013.txt",
  "createdDate" : 1509352708182,
  "version" : 3,
  "text" : "Rep: This is Mohan. How can I help you?\nCaller: Hi, this is John. I wanted to request for test drive of your newly launched vehicle.\nRep: Sure, I can help you. May i know your phone number and email id for the records\nCaller: My phone number is 1010-1010-10 and email is askme@yahoo.com\nRep: Thank you for providing the information. Can you verify your communication address for the vehicle to be sent across for test drive\nCaller : Site # 1, ABC road, JP  Nagar, Bangalore\nRep: May i have your date of birth to complete your profile\nCaller: 1989, 1st of March\nRep : Thanks for providing the details. Your test drive is scheduled for tomorrow.\n",
  "docLength" : 0,
  "language" : "EN",
  "status" : "IN_PROGRESS",
  "modifiedDate" : 1578338159256,
  "documentSet" : [ ],
  "preannotation" : [ ],
  "sentences" : [ {
    "id" : "s0",
    "begin" : 0,
    "end" : 19,
    "text" : "Rep: This is Mohan.",
    "tokens" : [ {
      "id" : "s0-t0",
      "begin" : 0,
      "end" : 3,
      "text" : "Rep",
      "whiteSpace" : false
    }, {
      "id" : "s0-t1",
      "begin" : 3,
      "end" : 4,
      "text" : ":",
      "whiteSpace" : false
    }, {
      "id" : "s0-t2",
      "begin" : 5,
      "end" : 9,
      "text" : "This",
      "whiteSpace" : false
    }, {
      "id" : "s0-t3",
      "begin" : 10,
      "end" : 12,
      "text" : "is",
      "whiteSpace" : false
    }, {
      "id" : "s0-t4",
      "begin" : 13,
      "end" : 18,
      "text" : "Mohan",
      "whiteSpace" : false
    }, {
      "id" : "s0-t5",
      "begin" : 18,
      "end" : 19,
      "text" : ".",
      "whiteSpace" : false
    } ]
  }, {
    "id" : "s1",
    "begin" : 20,
    "end" : 39,
    "text" : "How can I help you?",
    "tokens" : [ {
      "id" : "s1-t0",
      "begin" : 20,
      "end" : 23,
      "text" : "How",
      "whiteSpace" : false
    }, {
      "id" : "s1-t1",
      "begin" : 24,
      "end" : 27,
      "text" : "can",
      "whiteSpace" : false
    }, {
      "id" : "s1-t2",
      "begin" : 28,
      "end" : 29,
      "text" : "I",
      "whiteSpace" : false
    }, {
      "id" : "s1-t3",
      "begin" : 30,
      "end" : 34,
      "text" : "help",
      "whiteSpace" : false
    }, {
      "id" : "s1-t4",
      "begin" : 35,
      "end" : 38,
      "text" : "you",
      "whiteSpace" : false
    }, {
      "id" : "s1-t5",
      "begin" : 38,
      "end" : 39,
      "text" : "?",
      "whiteSpace" : false
    } ]
  }, {
    "id" : "s2",
    "begin" : 40,
    "end" : 65,
    "text" : "Caller: Hi, this is John.",
    "tokens" : [ {
      "id" : "s2-t0",
      "begin" : 40,
      "end" : 46,
      "text" : "Caller",
      "whiteSpace" : false
    }, {
      "id" : "s2-t1",
      "begin" : 46,
      "end" : 47,
      "text" : ":",
      "whiteSpace" : false
    }, {
      "id" : "s2-t2",
      "begin" : 48,
      "end" : 50,
      "text" : "Hi",
      "whiteSpace" : false
    }, {
      "id" : "s2-t3",
      "begin" : 50,
      "end" : 51,
      "text" : ",",
      "whiteSpace" : false
    }, {
      "id" : "s2-t4",
      "begin" : 52,
      "end" : 56,
      "text" : "this",
      "whiteSpace" : false
    }, {
      "id" : "s2-t5",
      "begin" : 57,
      "end" : 59,
      "text" : "is",
      "whiteSpace" : false
    }, {
      "id" : "s2-t6",
      "begin" : 60,
      "end" : 64,
      "text" : "John",
      "whiteSpace" : false
    }, {
      "id" : "s2-t7",
      "begin" : 64,
      "end" : 65,
      "text" : ".",
      "whiteSpace" : false
    } ]
  }, {
    "id" : "s3",
    "begin" : 66,
    "end" : 132,
    "text" : "I wanted to request for test drive of your newly launched vehicle.",
    "tokens" : [ {
      "id" : "s3-t0",
      "begin" : 66,
      "end" : 67,
      "text" : "I",
      "whiteSpace" : false
    }, {
      "id" : "s3-t1",
      "begin" : 68,
      "end" : 74,
      "text" : "wanted",
      "whiteSpace" : false
    }, {
      "id" : "s3-t2",
      "begin" : 75,
      "end" : 77,
      "text" : "to",
      "whiteSpace" : false
    }, {
      "id" : "s3-t3",
      "begin" : 78,
      "end" : 85,
      "text" : "request",
      "whiteSpace" : false
    }, {
      "id" : "s3-t4",
      "begin" : 86,
      "end" : 89,
      "text" : "for",
      "whiteSpace" : false
    }, {
      "id" : "s3-t5",
      "begin" : 90,
      "end" : 94,
      "text" : "test",
      "whiteSpace" : false
    }, {
      "id" : "s3-t6",
      "begin" : 95,
      "end" : 100,
      "text" : "drive",
      "whiteSpace" : false
    }, {
      "id" : "s3-t7",
      "begin" : 101,
      "end" : 103,
      "text" : "of",
      "whiteSpace" : false
    }, {
      "id" : "s3-t8",
      "begin" : 104,
      "end" : 108,
      "text" : "your",
      "whiteSpace" : false
    }, {
      "id" : "s3-t9",
      "begin" : 109,
      "end" : 114,
      "text" : "newly",
      "whiteSpace" : false
    }, {
      "id" : "s3-t10",
      "begin" : 115,
      "end" : 123,
      "text" : "launched",
      "whiteSpace" : false
    }, {
      "id" : "s3-t11",
      "begin" : 124,
      "end" : 131,
      "text" : "vehicle",
      "whiteSpace" : false
    }, {
      "id" : "s3-t12",
      "begin" : 131,
      "end" : 132,
      "text" : ".",
      "whiteSpace" : false
    } ]
  }, {
    "id" : "s4",
    "begin" : 133,
    "end" : 159,
    "text" : "Rep: Sure, I can help you.",
    "tokens" : [ {
      "id" : "s4-t0",
      "begin" : 133,
      "end" : 136,
      "text" : "Rep",
      "whiteSpace" : false
    }, {
      "id" : "s4-t1",
      "begin" : 136,
      "end" : 137,
      "text" : ":",
      "whiteSpace" : false
    }, {
      "id" : "s4-t2",
      "begin" : 138,
      "end" : 142,
      "text" : "Sure",
      "whiteSpace" : false
    }, {
      "id" : "s4-t3",
      "begin" : 142,
      "end" : 143,
      "text" : ",",
      "whiteSpace" : false
    }, {
      "id" : "s4-t4",
      "begin" : 144,
      "end" : 145,
      "text" : "I",
      "whiteSpace" : false
    }, {
      "id" : "s4-t5",
      "begin" : 146,
      "end" : 149,
      "text" : "can",
      "whiteSpace" : false
    }, {
      "id" : "s4-t6",
      "begin" : 150,
      "end" : 154,
      "text" : "help",
      "whiteSpace" : false
    }, {
      "id" : "s4-t7",
      "begin" : 155,
      "end" : 158,
      "text" : "you",
      "whiteSpace" : false
    }, {
      "id" : "s4-t8",
      "begin" : 158,
      "end" : 159,
      "text" : ".",
      "whiteSpace" : false
    } ]
  }, {
    "id" : "s5",
    "begin" : 160,
    "end" : 332,
    "text" : "May i know your phone number and email id for the records\nCaller: My phone number is 1010-1010-10 and email is askme@yahoo.com\nRep: Thank you for providing the information.",
    "tokens" : [ {
      "id" : "s5-t0",
      "begin" : 160,
      "end" : 163,
      "text" : "May",
      "whiteSpace" : false
    }, {
      "id" : "s5-t1",
      "begin" : 164,
      "end" : 165,
      "text" : "i",
      "whiteSpace" : false
    }, {
      "id" : "s5-t2",
      "begin" : 166,
      "end" : 170,
      "text" : "know",
      "whiteSpace" : false
    }, {
      "id" : "s5-t3",
      "begin" : 171,
      "end" : 175,
      "text" : "your",
      "whiteSpace" : false
    }, {
      "id" : "s5-t4",
      "begin" : 176,
      "end" : 181,
      "text" : "phone",
      "whiteSpace" : false
    }, {
      "id" : "s5-t5",
      "begin" : 182,
      "end" : 188,
      "text" : "number",
      "whiteSpace" : false
    }, {
      "id" : "s5-t6",
      "begin" : 189,
      "end" : 192,
      "text" : "and",
      "whiteSpace" : false
    }, {
      "id" : "s5-t7",
      "begin" : 193,
      "end" : 198,
      "text" : "email",
      "whiteSpace" : false
    }, {
      "id" : "s5-t8",
      "begin" : 199,
      "end" : 201,
      "text" : "id",
      "whiteSpace" : false
    }, {
      "id" : "s5-t9",
      "begin" : 202,
      "end" : 205,
      "text" : "for",
      "whiteSpace" : false
    }, {
      "id" : "s5-t10",
      "begin" : 206,
      "end" : 209,
      "text" : "the",
      "whiteSpace" : false
    }, {
      "id" : "s5-t11",
      "begin" : 210,
      "end" : 217,
      "text" : "records",
      "whiteSpace" : false
    }, {
      "id" : "s5-t12",
      "begin" : 218,
      "end" : 224,
      "text" : "Caller",
      "whiteSpace" : false
    }, {
      "id" : "s5-t13",
      "begin" : 224,
      "end" : 225,
      "text" : ":",
      "whiteSpace" : false
    }, {
      "id" : "s5-t14",
      "begin" : 226,
      "end" : 228,
      "text" : "My",
      "whiteSpace" : false
    }, {
      "id" : "s5-t15",
      "begin" : 229,
      "end" : 234,
      "text" : "phone",
      "whiteSpace" : false
    }, {
      "id" : "s5-t16",
      "begin" : 235,
      "end" : 241,
      "text" : "number",
      "whiteSpace" : false
    }, {
      "id" : "s5-t17",
      "begin" : 242,
      "end" : 244,
      "text" : "is",
      "whiteSpace" : false
    }, {
      "id" : "s5-t18",
      "begin" : 245,
      "end" : 257,
      "text" : "1010-1010-10",
      "whiteSpace" : false
    }, {
      "id" : "s5-t19",
      "begin" : 258,
      "end" : 261,
      "text" : "and",
      "whiteSpace" : false
    }, {
      "id" : "s5-t20",
      "begin" : 262,
      "end" : 267,
      "text" : "email",
      "whiteSpace" : false
    }, {
      "id" : "s5-t21",
      "begin" : 268,
      "end" : 270,
      "text" : "is",
      "whiteSpace" : false
    }, {
      "id" : "s5-t22",
      "begin" : 271,
      "end" : 286,
      "text" : "askme@yahoo.com",
      "whiteSpace" : false
    }, {
      "id" : "s5-t23",
      "begin" : 287,
      "end" : 290,
      "text" : "Rep",
      "whiteSpace" : false
    }, {
      "id" : "s5-t24",
      "begin" : 290,
      "end" : 291,
      "text" : ":",
      "whiteSpace" : false
    }, {
      "id" : "s5-t25",
      "begin" : 292,
      "end" : 297,
      "text" : "Thank",
      "whiteSpace" : false
    }, {
      "id" : "s5-t26",
      "begin" : 298,
      "end" : 301,
      "text" : "you",
      "whiteSpace" : false
    }, {
      "id" : "s5-t27",
      "begin" : 302,
      "end" : 305,
      "text" : "for",
      "whiteSpace" : false
    }, {
      "id" : "s5-t28",
      "begin" : 306,
      "end" : 315,
      "text" : "providing",
      "whiteSpace" : false
    }, {
      "id" : "s5-t29",
      "begin" : 316,
      "end" : 319,
      "text" : "the",
      "whiteSpace" : false
    }, {
      "id" : "s5-t30",
      "begin" : 320,
      "end" : 331,
      "text" : "information",
      "whiteSpace" : false
    }, {
      "id" : "s5-t31",
      "begin" : 331,
      "end" : 332,
      "text" : ".",
      "whiteSpace" : false
    } ]
  }, {
    "id" : "s6",
    "begin" : 333,
    "end" : 600,
    "text" : "Can you verify your communication address for the vehicle to be sent across for test drive\nCaller : Site # 1, ABC road, JP  Nagar, Bangalore\nRep: May i have your date of birth to complete your profile\nCaller: 1989, 1st of March\nRep : Thanks for providing the details.",
    "tokens" : [ {
      "id" : "s6-t0",
      "begin" : 333,
      "end" : 336,
      "text" : "Can",
      "whiteSpace" : false
    }, {
      "id" : "s6-t1",
      "begin" : 337,
      "end" : 340,
      "text" : "you",
      "whiteSpace" : false
    }, {
      "id" : "s6-t2",
      "begin" : 341,
      "end" : 347,
      "text" : "verify",
      "whiteSpace" : false
    }, {
      "id" : "s6-t3",
      "begin" : 348,
      "end" : 352,
      "text" : "your",
      "whiteSpace" : false
    }, {
      "id" : "s6-t4",
      "begin" : 353,
      "end" : 366,
      "text" : "communication",
      "whiteSpace" : false
    }, {
      "id" : "s6-t5",
      "begin" : 367,
      "end" : 374,
      "text" : "address",
      "whiteSpace" : false
    }, {
      "id" : "s6-t6",
      "begin" : 375,
      "end" : 378,
      "text" : "for",
      "whiteSpace" : false
    }, {
      "id" : "s6-t7",
      "begin" : 379,
      "end" : 382,
      "text" : "the",
      "whiteSpace" : false
    }, {
      "id" : "s6-t8",
      "begin" : 383,
      "end" : 390,
      "text" : "vehicle",
      "whiteSpace" : false
    }, {
      "id" : "s6-t9",
      "begin" : 391,
      "end" : 393,
      "text" : "to",
      "whiteSpace" : false
    }, {
      "id" : "s6-t10",
      "begin" : 394,
      "end" : 396,
      "text" : "be",
      "whiteSpace" : false
    }, {
      "id" : "s6-t11",
      "begin" : 397,
      "end" : 401,
      "text" : "sent",
      "whiteSpace" : false
    }, {
      "id" : "s6-t12",
      "begin" : 402,
      "end" : 408,
      "text" : "across",
      "whiteSpace" : false
    }, {
      "id" : "s6-t13",
      "begin" : 409,
      "end" : 412,
      "text" : "for",
      "whiteSpace" : false
    }, {
      "id" : "s6-t14",
      "begin" : 413,
      "end" : 417,
      "text" : "test",
      "whiteSpace" : false
    }, {
      "id" : "s6-t15",
      "begin" : 418,
      "end" : 423,
      "text" : "drive",
      "whiteSpace" : false
    }, {
      "id" : "s6-t16",
      "begin" : 424,
      "end" : 430,
      "text" : "Caller",
      "whiteSpace" : false
    }, {
      "id" : "s6-t17",
      "begin" : 431,
      "end" : 432,
      "text" : ":",
      "whiteSpace" : false
    }, {
      "id" : "s6-t18",
      "begin" : 433,
      "end" : 437,
      "text" : "Site",
      "whiteSpace" : false
    }, {
      "id" : "s6-t19",
      "begin" : 438,
      "end" : 439,
      "text" : "#",
      "whiteSpace" : false
    }, {
      "id" : "s6-t20",
      "begin" : 440,
      "end" : 441,
      "text" : "1",
      "whiteSpace" : false
    }, {
      "id" : "s6-t21",
      "begin" : 441,
      "end" : 442,
      "text" : ",",
      "whiteSpace" : false
    }, {
      "id" : "s6-t22",
      "begin" : 443,
      "end" : 446,
      "text" : "ABC",
      "whiteSpace" : false
    }, {
      "id" : "s6-t23",
      "begin" : 447,
      "end" : 451,
      "text" : "road",
      "whiteSpace" : false
    }, {
      "id" : "s6-t24",
      "begin" : 451,
      "end" : 452,
      "text" : ",",
      "whiteSpace" : false
    }, {
      "id" : "s6-t25",
      "begin" : 453,
      "end" : 455,
      "text" : "JP",
      "whiteSpace" : false
    }, {
      "id" : "s6-t26",
      "begin" : 457,
      "end" : 462,
      "text" : "Nagar",
      "whiteSpace" : false
    }, {
      "id" : "s6-t27",
      "begin" : 462,
      "end" : 463,
      "text" : ",",
      "whiteSpace" : false
    }, {
      "id" : "s6-t28",
      "begin" : 464,
      "end" : 473,
      "text" : "Bangalore",
      "whiteSpace" : false
    }, {
      "id" : "s6-t29",
      "begin" : 474,
      "end" : 477,
      "text" : "Rep",
      "whiteSpace" : false
    }, {
      "id" : "s6-t30",
      "begin" : 477,
      "end" : 478,
      "text" : ":",
      "whiteSpace" : false
    }, {
      "id" : "s6-t31",
      "begin" : 479,
      "end" : 482,
      "text" : "May",
      "whiteSpace" : false
    }, {
      "id" : "s6-t32",
      "begin" : 483,
      "end" : 484,
      "text" : "i",
      "whiteSpace" : false
    }, {
      "id" : "s6-t33",
      "begin" : 485,
      "end" : 489,
      "text" : "have",
      "whiteSpace" : false
    }, {
      "id" : "s6-t34",
      "begin" : 490,
      "end" : 494,
      "text" : "your",
      "whiteSpace" : false
    }, {
      "id" : "s6-t35",
      "begin" : 495,
      "end" : 499,
      "text" : "date",
      "whiteSpace" : false
    }, {
      "id" : "s6-t36",
      "begin" : 500,
      "end" : 502,
      "text" : "of",
      "whiteSpace" : false
    }, {
      "id" : "s6-t37",
      "begin" : 503,
      "end" : 508,
      "text" : "birth",
      "whiteSpace" : false
    }, {
      "id" : "s6-t38",
      "begin" : 509,
      "end" : 511,
      "text" : "to",
      "whiteSpace" : false
    }, {
      "id" : "s6-t39",
      "begin" : 512,
      "end" : 520,
      "text" : "complete",
      "whiteSpace" : false
    }, {
      "id" : "s6-t40",
      "begin" : 521,
      "end" : 525,
      "text" : "your",
      "whiteSpace" : false
    }, {
      "id" : "s6-t41",
      "begin" : 526,
      "end" : 533,
      "text" : "profile",
      "whiteSpace" : false
    }, {
      "id" : "s6-t42",
      "begin" : 534,
      "end" : 540,
      "text" : "Caller",
      "whiteSpace" : false
    }, {
      "id" : "s6-t43",
      "begin" : 540,
      "end" : 541,
      "text" : ":",
      "whiteSpace" : false
    }, {
      "id" : "s6-t44",
      "begin" : 542,
      "end" : 546,
      "text" : "1989",
      "whiteSpace" : false
    }, {
      "id" : "s6-t45",
      "begin" : 546,
      "end" : 547,
      "text" : ",",
      "whiteSpace" : false
    }, {
      "id" : "s6-t46",
      "begin" : 548,
      "end" : 551,
      "text" : "1st",
      "whiteSpace" : false
    }, {
      "id" : "s6-t47",
      "begin" : 552,
      "end" : 554,
      "text" : "of",
      "whiteSpace" : false
    }, {
      "id" : "s6-t48",
      "begin" : 555,
      "end" : 560,
      "text" : "March",
      "whiteSpace" : false
    }, {
      "id" : "s6-t49",
      "begin" : 561,
      "end" : 564,
      "text" : "Rep",
      "whiteSpace" : false
    }, {
      "id" : "s6-t50",
      "begin" : 565,
      "end" : 566,
      "text" : ":",
      "whiteSpace" : false
    }, {
      "id" : "s6-t51",
      "begin" : 567,
      "end" : 573,
      "text" : "Thanks",
      "whiteSpace" : false
    }, {
      "id" : "s6-t52",
      "begin" : 574,
      "end" : 577,
      "text" : "for",
      "whiteSpace" : false
    }, {
      "id" : "s6-t53",
      "begin" : 578,
      "end" : 587,
      "text" : "providing",
      "whiteSpace" : false
    }, {
      "id" : "s6-t54",
      "begin" : 588,
      "end" : 591,
      "text" : "the",
      "whiteSpace" : false
    }, {
      "id" : "s6-t55",
      "begin" : 592,
      "end" : 599,
      "text" : "details",
      "whiteSpace" : false
    }, {
      "id" : "s6-t56",
      "begin" : 599,
      "end" : 600,
      "text" : ".",
      "whiteSpace" : false
    } ]
  }, {
    "id" : "s7",
    "begin" : 601,
    "end" : 643,
    "text" : "Your test drive is scheduled for tomorrow.",
    "tokens" : [ {
      "id" : "s7-t0",
      "begin" : 601,
      "end" : 605,
      "text" : "Your",
      "whiteSpace" : false
    }, {
      "id" : "s7-t1",
      "begin" : 606,
      "end" : 610,
      "text" : "test",
      "whiteSpace" : false
    }, {
      "id" : "s7-t2",
      "begin" : 611,
      "end" : 616,
      "text" : "drive",
      "whiteSpace" : false
    }, {
      "id" : "s7-t3",
      "begin" : 617,
      "end" : 619,
      "text" : "is",
      "whiteSpace" : false
    }, {
      "id" : "s7-t4",
      "begin" : 620,
      "end" : 629,
      "text" : "scheduled",
      "whiteSpace" : false
    }, {
      "id" : "s7-t5",
      "begin" : 630,
      "end" : 633,
      "text" : "for",
      "whiteSpace" : false
    }, {
      "id" : "s7-t6",
      "begin" : 634,
      "end" : 642,
      "text" : "tomorrow",
      "whiteSpace" : false
    }, {
      "id" : "s7-t7",
      "begin" : 642,
      "end" : 643,
      "text" : ".",
      "whiteSpace" : false
    } ]
  } ],
  "mentions" : [ {
    "id" : "s2-m1",
    "properties" : {
      "SIRE_MENTION_ROLE" : "Name",
      "SIRE_ENTITY_SUBTYPE" : "NONE",
      "SIRE_MENTION_TYPE" : "NONE",
      "SIRE_MENTION_CLASS" : "SPC"
    },
    "type" : "Name",
    "begin" : 60,
    "end" : 64,
    "inCoref" : false
  }, {
    "id" : "s5-m1",
    "properties" : {
      "SIRE_MENTION_ROLE" : "MobileNo",
      "SIRE_ENTITY_SUBTYPE" : "NONE",
      "SIRE_MENTION_TYPE" : "NONE",
      "SIRE_MENTION_CLASS" : "SPC"
    },
    "type" : "MobileNo",
    "begin" : 245,
    "end" : 257,
    "inCoref" : false
  }, {
    "id" : "s5-m2",
    "properties" : {
      "SIRE_MENTION_ROLE" : "EmailId",
      "SIRE_ENTITY_SUBTYPE" : "NONE",
      "SIRE_MENTION_TYPE" : "NONE",
      "SIRE_MENTION_CLASS" : "SPC"
    },
    "type" : "EmailId",
    "begin" : 271,
    "end" : 286,
    "inCoref" : false
  }, {
    "id" : "s6-m1",
    "properties" : {
      "SIRE_MENTION_ROLE" : "Address",
      "SIRE_ENTITY_SUBTYPE" : "NONE",
      "SIRE_MENTION_TYPE" : "NONE",
      "SIRE_MENTION_CLASS" : "SPC"
    },
    "type" : "Address",
    "begin" : 443,
    "end" : 473,
    "inCoref" : false
  }, {
    "id" : "s6-m2",
    "properties" : {
      "SIRE_MENTION_ROLE" : "DOB",
      "SIRE_ENTITY_SUBTYPE" : "NONE",
      "SIRE_MENTION_TYPE" : "NONE",
      "SIRE_MENTION_CLASS" : "SPC"
    },
    "type" : "DOB",
    "begin" : 542,
    "end" : 560,
    "inCoref" : false
  } ],
  "relations" : [ ],
  "corefs" : [ ],
  "typeResolved" : true,
  "userResolved" : false
}