{
  "id" : "b39fdf60-bd4d-11e7-af2d-855b67e2d9c7-3",
  "name" : "Chat004.txt",
  "createdDate" : 1509352708182,
  "version" : 3,
  "text" : "Rep: This is Priya. How can I help you?\nCaller: This is Anand. I wanted to report an network issue at my home.\nRep: Sure, I can help you.  For verification purpose may I know your date of birth and email id\nCaller: It is August tenth nineteen seventy nine and my email id is anand@gmail.com\nRep: Thanks for the information. Could you explain the problem.\nCaller: The mobile network signal is unstable resulting in call drops and bad audio.\nRep: Can you confirm your home address.\nCaller: Four thirty, Thirty sixth cross, Jayangar fourth block, Bangalore.\nRep:Thank you for confirming sir. We will send a technician to check the signal strength and availability at your location. Is there anything else that I can help you with\nCaller: No\nRep: Thanks for calling Vodaphone. Have a good day.\nCaller: you too\n",
  "docLength" : 0,
  "language" : "EN",
  "status" : "IN_PROGRESS",
  "modifiedDate" : 1578338463213,
  "documentSet" : [ ],
  "preannotation" : [ ],
  "sentences" : [ {
    "id" : "s0",
    "begin" : 0,
    "end" : 19,
    "text" : "Rep: This is Priya.",
    "tokens" : [ {
      "id" : "s0-t0",
      "begin" : 0,
      "end" : 3,
      "text" : "Rep",
      "whiteSpace" : false
    }, {
      "id" : "s0-t1",
      "begin" : 3,
      "end" : 4,
      "text" : ":",
      "whiteSpace" : false
    }, {
      "id" : "s0-t2",
      "begin" : 5,
      "end" : 9,
      "text" : "This",
      "whiteSpace" : false
    }, {
      "id" : "s0-t3",
      "begin" : 10,
      "end" : 12,
      "text" : "is",
      "whiteSpace" : false
    }, {
      "id" : "s0-t4",
      "begin" : 13,
      "end" : 18,
      "text" : "Priya",
      "whiteSpace" : false
    }, {
      "id" : "s0-t5",
      "begin" : 18,
      "end" : 19,
      "text" : ".",
      "whiteSpace" : false
    } ]
  }, {
    "id" : "s1",
    "begin" : 20,
    "end" : 39,
    "text" : "How can I help you?",
    "tokens" : [ {
      "id" : "s1-t0",
      "begin" : 20,
      "end" : 23,
      "text" : "How",
      "whiteSpace" : false
    }, {
      "id" : "s1-t1",
      "begin" : 24,
      "end" : 27,
      "text" : "can",
      "whiteSpace" : false
    }, {
      "id" : "s1-t2",
      "begin" : 28,
      "end" : 29,
      "text" : "I",
      "whiteSpace" : false
    }, {
      "id" : "s1-t3",
      "begin" : 30,
      "end" : 34,
      "text" : "help",
      "whiteSpace" : false
    }, {
      "id" : "s1-t4",
      "begin" : 35,
      "end" : 38,
      "text" : "you",
      "whiteSpace" : false
    }, {
      "id" : "s1-t5",
      "begin" : 38,
      "end" : 39,
      "text" : "?",
      "whiteSpace" : false
    } ]
  }, {
    "id" : "s2",
    "begin" : 40,
    "end" : 62,
    "text" : "Caller: This is Anand.",
    "tokens" : [ {
      "id" : "s2-t0",
      "begin" : 40,
      "end" : 46,
      "text" : "Caller",
      "whiteSpace" : false
    }, {
      "id" : "s2-t1",
      "begin" : 46,
      "end" : 47,
      "text" : ":",
      "whiteSpace" : false
    }, {
      "id" : "s2-t2",
      "begin" : 48,
      "end" : 52,
      "text" : "This",
      "whiteSpace" : false
    }, {
      "id" : "s2-t3",
      "begin" : 53,
      "end" : 55,
      "text" : "is",
      "whiteSpace" : false
    }, {
      "id" : "s2-t4",
      "begin" : 56,
      "end" : 61,
      "text" : "Anand",
      "whiteSpace" : false
    }, {
      "id" : "s2-t5",
      "begin" : 61,
      "end" : 62,
      "text" : ".",
      "whiteSpace" : false
    } ]
  }, {
    "id" : "s3",
    "begin" : 63,
    "end" : 110,
    "text" : "I wanted to report an network issue at my home.",
    "tokens" : [ {
      "id" : "s3-t0",
      "begin" : 63,
      "end" : 64,
      "text" : "I",
      "whiteSpace" : false
    }, {
      "id" : "s3-t1",
      "begin" : 65,
      "end" : 71,
      "text" : "wanted",
      "whiteSpace" : false
    }, {
      "id" : "s3-t2",
      "begin" : 72,
      "end" : 74,
      "text" : "to",
      "whiteSpace" : false
    }, {
      "id" : "s3-t3",
      "begin" : 75,
      "end" : 81,
      "text" : "report",
      "whiteSpace" : false
    }, {
      "id" : "s3-t4",
      "begin" : 82,
      "end" : 84,
      "text" : "an",
      "whiteSpace" : false
    }, {
      "id" : "s3-t5",
      "begin" : 85,
      "end" : 92,
      "text" : "network",
      "whiteSpace" : false
    }, {
      "id" : "s3-t6",
      "begin" : 93,
      "end" : 98,
      "text" : "issue",
      "whiteSpace" : false
    }, {
      "id" : "s3-t7",
      "begin" : 99,
      "end" : 101,
      "text" : "at",
      "whiteSpace" : false
    }, {
      "id" : "s3-t8",
      "begin" : 102,
      "end" : 104,
      "text" : "my",
      "whiteSpace" : false
    }, {
      "id" : "s3-t9",
      "begin" : 105,
      "end" : 109,
      "text" : "home",
      "whiteSpace" : false
    }, {
      "id" : "s3-t10",
      "begin" : 109,
      "end" : 110,
      "text" : ".",
      "whiteSpace" : false
    } ]
  }, {
    "id" : "s4",
    "begin" : 111,
    "end" : 137,
    "text" : "Rep: Sure, I can help you.",
    "tokens" : [ {
      "id" : "s4-t0",
      "begin" : 111,
      "end" : 114,
      "text" : "Rep",
      "whiteSpace" : false
    }, {
      "id" : "s4-t1",
      "begin" : 114,
      "end" : 115,
      "text" : ":",
      "whiteSpace" : false
    }, {
      "id" : "s4-t2",
      "begin" : 116,
      "end" : 120,
      "text" : "Sure",
      "whiteSpace" : false
    }, {
      "id" : "s4-t3",
      "begin" : 120,
      "end" : 121,
      "text" : ",",
      "whiteSpace" : false
    }, {
      "id" : "s4-t4",
      "begin" : 122,
      "end" : 123,
      "text" : "I",
      "whiteSpace" : false
    }, {
      "id" : "s4-t5",
      "begin" : 124,
      "end" : 127,
      "text" : "can",
      "whiteSpace" : false
    }, {
      "id" : "s4-t6",
      "begin" : 128,
      "end" : 132,
      "text" : "help",
      "whiteSpace" : false
    }, {
      "id" : "s4-t7",
      "begin" : 133,
      "end" : 136,
      "text" : "you",
      "whiteSpace" : false
    }, {
      "id" : "s4-t8",
      "begin" : 136,
      "end" : 137,
      "text" : ".",
      "whiteSpace" : false
    } ]
  }, {
    "id" : "s5",
    "begin" : 139,
    "end" : 323,
    "text" : "For verification purpose may I know your date of birth and email id\nCaller: It is August tenth nineteen seventy nine and my email id is anand@gmail.com\nRep: Thanks for the information.",
    "tokens" : [ {
      "id" : "s5-t0",
      "begin" : 139,
      "end" : 142,
      "text" : "For",
      "whiteSpace" : false
    }, {
      "id" : "s5-t1",
      "begin" : 143,
      "end" : 155,
      "text" : "verification",
      "whiteSpace" : false
    }, {
      "id" : "s5-t2",
      "begin" : 156,
      "end" : 163,
      "text" : "purpose",
      "whiteSpace" : false
    }, {
      "id" : "s5-t3",
      "begin" : 164,
      "end" : 167,
      "text" : "may",
      "whiteSpace" : false
    }, {
      "id" : "s5-t4",
      "begin" : 168,
      "end" : 169,
      "text" : "I",
      "whiteSpace" : false
    }, {
      "id" : "s5-t5",
      "begin" : 170,
      "end" : 174,
      "text" : "know",
      "whiteSpace" : false
    }, {
      "id" : "s5-t6",
      "begin" : 175,
      "end" : 179,
      "text" : "your",
      "whiteSpace" : false
    }, {
      "id" : "s5-t7",
      "begin" : 180,
      "end" : 184,
      "text" : "date",
      "whiteSpace" : false
    }, {
      "id" : "s5-t8",
      "begin" : 185,
      "end" : 187,
      "text" : "of",
      "whiteSpace" : false
    }, {
      "id" : "s5-t9",
      "begin" : 188,
      "end" : 193,
      "text" : "birth",
      "whiteSpace" : false
    }, {
      "id" : "s5-t10",
      "begin" : 194,
      "end" : 197,
      "text" : "and",
      "whiteSpace" : false
    }, {
      "id" : "s5-t11",
      "begin" : 198,
      "end" : 203,
      "text" : "email",
      "whiteSpace" : false
    }, {
      "id" : "s5-t12",
      "begin" : 204,
      "end" : 206,
      "text" : "id",
      "whiteSpace" : false
    }, {
      "id" : "s5-t13",
      "begin" : 207,
      "end" : 213,
      "text" : "Caller",
      "whiteSpace" : false
    }, {
      "id" : "s5-t14",
      "begin" : 213,
      "end" : 214,
      "text" : ":",
      "whiteSpace" : false
    }, {
      "id" : "s5-t15",
      "begin" : 215,
      "end" : 217,
      "text" : "It",
      "whiteSpace" : false
    }, {
      "id" : "s5-t16",
      "begin" : 218,
      "end" : 220,
      "text" : "is",
      "whiteSpace" : false
    }, {
      "id" : "s5-t17",
      "begin" : 221,
      "end" : 227,
      "text" : "August",
      "whiteSpace" : false
    }, {
      "id" : "s5-t18",
      "begin" : 228,
      "end" : 233,
      "text" : "tenth",
      "whiteSpace" : false
    }, {
      "id" : "s5-t19",
      "begin" : 234,
      "end" : 242,
      "text" : "nineteen",
      "whiteSpace" : false
    }, {
      "id" : "s5-t20",
      "begin" : 243,
      "end" : 250,
      "text" : "seventy",
      "whiteSpace" : false
    }, {
      "id" : "s5-t21",
      "begin" : 251,
      "end" : 255,
      "text" : "nine",
      "whiteSpace" : false
    }, {
      "id" : "s5-t22",
      "begin" : 256,
      "end" : 259,
      "text" : "and",
      "whiteSpace" : false
    }, {
      "id" : "s5-t23",
      "begin" : 260,
      "end" : 262,
      "text" : "my",
      "whiteSpace" : false
    }, {
      "id" : "s5-t24",
      "begin" : 263,
      "end" : 268,
      "text" : "email",
      "whiteSpace" : false
    }, {
      "id" : "s5-t25",
      "begin" : 269,
      "end" : 271,
      "text" : "id",
      "whiteSpace" : false
    }, {
      "id" : "s5-t26",
      "begin" : 272,
      "end" : 274,
      "text" : "is",
      "whiteSpace" : false
    }, {
      "id" : "s5-t27",
      "begin" : 275,
      "end" : 290,
      "text" : "anand@gmail.com",
      "whiteSpace" : false
    }, {
      "id" : "s5-t28",
      "begin" : 291,
      "end" : 294,
      "text" : "Rep",
      "whiteSpace" : false
    }, {
      "id" : "s5-t29",
      "begin" : 294,
      "end" : 295,
      "text" : ":",
      "whiteSpace" : false
    }, {
      "id" : "s5-t30",
      "begin" : 296,
      "end" : 302,
      "text" : "Thanks",
      "whiteSpace" : false
    }, {
      "id" : "s5-t31",
      "begin" : 303,
      "end" : 306,
      "text" : "for",
      "whiteSpace" : false
    }, {
      "id" : "s5-t32",
      "begin" : 307,
      "end" : 310,
      "text" : "the",
      "whiteSpace" : false
    }, {
      "id" : "s5-t33",
      "begin" : 311,
      "end" : 322,
      "text" : "information",
      "whiteSpace" : false
    }, {
      "id" : "s5-t34",
      "begin" : 322,
      "end" : 323,
      "text" : ".",
      "whiteSpace" : false
    } ]
  }, {
    "id" : "s6",
    "begin" : 324,
    "end" : 354,
    "text" : "Could you explain the problem.",
    "tokens" : [ {
      "id" : "s6-t0",
      "begin" : 324,
      "end" : 329,
      "text" : "Could",
      "whiteSpace" : false
    }, {
      "id" : "s6-t1",
      "begin" : 330,
      "end" : 333,
      "text" : "you",
      "whiteSpace" : false
    }, {
      "id" : "s6-t2",
      "begin" : 334,
      "end" : 341,
      "text" : "explain",
      "whiteSpace" : false
    }, {
      "id" : "s6-t3",
      "begin" : 342,
      "end" : 345,
      "text" : "the",
      "whiteSpace" : false
    }, {
      "id" : "s6-t4",
      "begin" : 346,
      "end" : 353,
      "text" : "problem",
      "whiteSpace" : false
    }, {
      "id" : "s6-t5",
      "begin" : 353,
      "end" : 354,
      "text" : ".",
      "whiteSpace" : false
    } ]
  }, {
    "id" : "s7",
    "begin" : 355,
    "end" : 439,
    "text" : "Caller: The mobile network signal is unstable resulting in call drops and bad audio.",
    "tokens" : [ {
      "id" : "s7-t0",
      "begin" : 355,
      "end" : 361,
      "text" : "Caller",
      "whiteSpace" : false
    }, {
      "id" : "s7-t1",
      "begin" : 361,
      "end" : 362,
      "text" : ":",
      "whiteSpace" : false
    }, {
      "id" : "s7-t2",
      "begin" : 363,
      "end" : 366,
      "text" : "The",
      "whiteSpace" : false
    }, {
      "id" : "s7-t3",
      "begin" : 367,
      "end" : 373,
      "text" : "mobile",
      "whiteSpace" : false
    }, {
      "id" : "s7-t4",
      "begin" : 374,
      "end" : 381,
      "text" : "network",
      "whiteSpace" : false
    }, {
      "id" : "s7-t5",
      "begin" : 382,
      "end" : 388,
      "text" : "signal",
      "whiteSpace" : false
    }, {
      "id" : "s7-t6",
      "begin" : 389,
      "end" : 391,
      "text" : "is",
      "whiteSpace" : false
    }, {
      "id" : "s7-t7",
      "begin" : 392,
      "end" : 400,
      "text" : "unstable",
      "whiteSpace" : false
    }, {
      "id" : "s7-t8",
      "begin" : 401,
      "end" : 410,
      "text" : "resulting",
      "whiteSpace" : false
    }, {
      "id" : "s7-t9",
      "begin" : 411,
      "end" : 413,
      "text" : "in",
      "whiteSpace" : false
    }, {
      "id" : "s7-t10",
      "begin" : 414,
      "end" : 418,
      "text" : "call",
      "whiteSpace" : false
    }, {
      "id" : "s7-t11",
      "begin" : 419,
      "end" : 424,
      "text" : "drops",
      "whiteSpace" : false
    }, {
      "id" : "s7-t12",
      "begin" : 425,
      "end" : 428,
      "text" : "and",
      "whiteSpace" : false
    }, {
      "id" : "s7-t13",
      "begin" : 429,
      "end" : 432,
      "text" : "bad",
      "whiteSpace" : false
    }, {
      "id" : "s7-t14",
      "begin" : 433,
      "end" : 438,
      "text" : "audio",
      "whiteSpace" : false
    }, {
      "id" : "s7-t15",
      "begin" : 438,
      "end" : 439,
      "text" : ".",
      "whiteSpace" : false
    } ]
  }, {
    "id" : "s8",
    "begin" : 440,
    "end" : 479,
    "text" : "Rep: Can you confirm your home address.",
    "tokens" : [ {
      "id" : "s8-t0",
      "begin" : 440,
      "end" : 443,
      "text" : "Rep",
      "whiteSpace" : false
    }, {
      "id" : "s8-t1",
      "begin" : 443,
      "end" : 444,
      "text" : ":",
      "whiteSpace" : false
    }, {
      "id" : "s8-t2",
      "begin" : 445,
      "end" : 448,
      "text" : "Can",
      "whiteSpace" : false
    }, {
      "id" : "s8-t3",
      "begin" : 449,
      "end" : 452,
      "text" : "you",
      "whiteSpace" : false
    }, {
      "id" : "s8-t4",
      "begin" : 453,
      "end" : 460,
      "text" : "confirm",
      "whiteSpace" : false
    }, {
      "id" : "s8-t5",
      "begin" : 461,
      "end" : 465,
      "text" : "your",
      "whiteSpace" : false
    }, {
      "id" : "s8-t6",
      "begin" : 466,
      "end" : 470,
      "text" : "home",
      "whiteSpace" : false
    }, {
      "id" : "s8-t7",
      "begin" : 471,
      "end" : 478,
      "text" : "address",
      "whiteSpace" : false
    }, {
      "id" : "s8-t8",
      "begin" : 478,
      "end" : 479,
      "text" : ".",
      "whiteSpace" : false
    } ]
  }, {
    "id" : "s9",
    "begin" : 480,
    "end" : 554,
    "text" : "Caller: Four thirty, Thirty sixth cross, Jayangar fourth block, Bangalore.",
    "tokens" : [ {
      "id" : "s9-t0",
      "begin" : 480,
      "end" : 486,
      "text" : "Caller",
      "whiteSpace" : false
    }, {
      "id" : "s9-t1",
      "begin" : 486,
      "end" : 487,
      "text" : ":",
      "whiteSpace" : false
    }, {
      "id" : "s9-t2",
      "begin" : 488,
      "end" : 492,
      "text" : "Four",
      "whiteSpace" : false
    }, {
      "id" : "s9-t3",
      "begin" : 493,
      "end" : 499,
      "text" : "thirty",
      "whiteSpace" : false
    }, {
      "id" : "s9-t4",
      "begin" : 499,
      "end" : 500,
      "text" : ",",
      "whiteSpace" : false
    }, {
      "id" : "s9-t5",
      "begin" : 501,
      "end" : 507,
      "text" : "Thirty",
      "whiteSpace" : false
    }, {
      "id" : "s9-t6",
      "begin" : 508,
      "end" : 513,
      "text" : "sixth",
      "whiteSpace" : false
    }, {
      "id" : "s9-t7",
      "begin" : 514,
      "end" : 519,
      "text" : "cross",
      "whiteSpace" : false
    }, {
      "id" : "s9-t8",
      "begin" : 519,
      "end" : 520,
      "text" : ",",
      "whiteSpace" : false
    }, {
      "id" : "s9-t9",
      "begin" : 521,
      "end" : 529,
      "text" : "Jayangar",
      "whiteSpace" : false
    }, {
      "id" : "s9-t10",
      "begin" : 530,
      "end" : 536,
      "text" : "fourth",
      "whiteSpace" : false
    }, {
      "id" : "s9-t11",
      "begin" : 537,
      "end" : 542,
      "text" : "block",
      "whiteSpace" : false
    }, {
      "id" : "s9-t12",
      "begin" : 542,
      "end" : 543,
      "text" : ",",
      "whiteSpace" : false
    }, {
      "id" : "s9-t13",
      "begin" : 544,
      "end" : 553,
      "text" : "Bangalore",
      "whiteSpace" : false
    }, {
      "id" : "s9-t14",
      "begin" : 553,
      "end" : 554,
      "text" : ".",
      "whiteSpace" : false
    } ]
  }, {
    "id" : "s10",
    "begin" : 555,
    "end" : 588,
    "text" : "Rep:Thank you for confirming sir.",
    "tokens" : [ {
      "id" : "s10-t0",
      "begin" : 555,
      "end" : 558,
      "text" : "Rep",
      "whiteSpace" : false
    }, {
      "id" : "s10-t1",
      "begin" : 558,
      "end" : 559,
      "text" : ":",
      "whiteSpace" : false
    }, {
      "id" : "s10-t2",
      "begin" : 559,
      "end" : 564,
      "text" : "Thank",
      "whiteSpace" : false
    }, {
      "id" : "s10-t3",
      "begin" : 565,
      "end" : 568,
      "text" : "you",
      "whiteSpace" : false
    }, {
      "id" : "s10-t4",
      "begin" : 569,
      "end" : 572,
      "text" : "for",
      "whiteSpace" : false
    }, {
      "id" : "s10-t5",
      "begin" : 573,
      "end" : 583,
      "text" : "confirming",
      "whiteSpace" : false
    }, {
      "id" : "s10-t6",
      "begin" : 584,
      "end" : 587,
      "text" : "sir",
      "whiteSpace" : false
    }, {
      "id" : "s10-t7",
      "begin" : 587,
      "end" : 588,
      "text" : ".",
      "whiteSpace" : false
    } ]
  }, {
    "id" : "s11",
    "begin" : 589,
    "end" : 678,
    "text" : "We will send a technician to check the signal strength and availability at your location.",
    "tokens" : [ {
      "id" : "s11-t0",
      "begin" : 589,
      "end" : 591,
      "text" : "We",
      "whiteSpace" : false
    }, {
      "id" : "s11-t1",
      "begin" : 592,
      "end" : 596,
      "text" : "will",
      "whiteSpace" : false
    }, {
      "id" : "s11-t2",
      "begin" : 597,
      "end" : 601,
      "text" : "send",
      "whiteSpace" : false
    }, {
      "id" : "s11-t3",
      "begin" : 602,
      "end" : 603,
      "text" : "a",
      "whiteSpace" : false
    }, {
      "id" : "s11-t4",
      "begin" : 604,
      "end" : 614,
      "text" : "technician",
      "whiteSpace" : false
    }, {
      "id" : "s11-t5",
      "begin" : 615,
      "end" : 617,
      "text" : "to",
      "whiteSpace" : false
    }, {
      "id" : "s11-t6",
      "begin" : 618,
      "end" : 623,
      "text" : "check",
      "whiteSpace" : false
    }, {
      "id" : "s11-t7",
      "begin" : 624,
      "end" : 627,
      "text" : "the",
      "whiteSpace" : false
    }, {
      "id" : "s11-t8",
      "begin" : 628,
      "end" : 634,
      "text" : "signal",
      "whiteSpace" : false
    }, {
      "id" : "s11-t9",
      "begin" : 635,
      "end" : 643,
      "text" : "strength",
      "whiteSpace" : false
    }, {
      "id" : "s11-t10",
      "begin" : 644,
      "end" : 647,
      "text" : "and",
      "whiteSpace" : false
    }, {
      "id" : "s11-t11",
      "begin" : 648,
      "end" : 660,
      "text" : "availability",
      "whiteSpace" : false
    }, {
      "id" : "s11-t12",
      "begin" : 661,
      "end" : 663,
      "text" : "at",
      "whiteSpace" : false
    }, {
      "id" : "s11-t13",
      "begin" : 664,
      "end" : 668,
      "text" : "your",
      "whiteSpace" : false
    }, {
      "id" : "s11-t14",
      "begin" : 669,
      "end" : 677,
      "text" : "location",
      "whiteSpace" : false
    }, {
      "id" : "s11-t15",
      "begin" : 677,
      "end" : 678,
      "text" : ".",
      "whiteSpace" : false
    } ]
  }, {
    "id" : "s12",
    "begin" : 679,
    "end" : 772,
    "text" : "Is there anything else that I can help you with\nCaller: No\nRep: Thanks for calling Vodaphone.",
    "tokens" : [ {
      "id" : "s12-t0",
      "begin" : 679,
      "end" : 681,
      "text" : "Is",
      "whiteSpace" : false
    }, {
      "id" : "s12-t1",
      "begin" : 682,
      "end" : 687,
      "text" : "there",
      "whiteSpace" : false
    }, {
      "id" : "s12-t2",
      "begin" : 688,
      "end" : 696,
      "text" : "anything",
      "whiteSpace" : false
    }, {
      "id" : "s12-t3",
      "begin" : 697,
      "end" : 701,
      "text" : "else",
      "whiteSpace" : false
    }, {
      "id" : "s12-t4",
      "begin" : 702,
      "end" : 706,
      "text" : "that",
      "whiteSpace" : false
    }, {
      "id" : "s12-t5",
      "begin" : 707,
      "end" : 708,
      "text" : "I",
      "whiteSpace" : false
    }, {
      "id" : "s12-t6",
      "begin" : 709,
      "end" : 712,
      "text" : "can",
      "whiteSpace" : false
    }, {
      "id" : "s12-t7",
      "begin" : 713,
      "end" : 717,
      "text" : "help",
      "whiteSpace" : false
    }, {
      "id" : "s12-t8",
      "begin" : 718,
      "end" : 721,
      "text" : "you",
      "whiteSpace" : false
    }, {
      "id" : "s12-t9",
      "begin" : 722,
      "end" : 726,
      "text" : "with",
      "whiteSpace" : false
    }, {
      "id" : "s12-t10",
      "begin" : 727,
      "end" : 733,
      "text" : "Caller",
      "whiteSpace" : false
    }, {
      "id" : "s12-t11",
      "begin" : 733,
      "end" : 734,
      "text" : ":",
      "whiteSpace" : false
    }, {
      "id" : "s12-t12",
      "begin" : 735,
      "end" : 737,
      "text" : "No",
      "whiteSpace" : false
    }, {
      "id" : "s12-t13",
      "begin" : 738,
      "end" : 741,
      "text" : "Rep",
      "whiteSpace" : false
    }, {
      "id" : "s12-t14",
      "begin" : 741,
      "end" : 742,
      "text" : ":",
      "whiteSpace" : false
    }, {
      "id" : "s12-t15",
      "begin" : 743,
      "end" : 749,
      "text" : "Thanks",
      "whiteSpace" : false
    }, {
      "id" : "s12-t16",
      "begin" : 750,
      "end" : 753,
      "text" : "for",
      "whiteSpace" : false
    }, {
      "id" : "s12-t17",
      "begin" : 754,
      "end" : 761,
      "text" : "calling",
      "whiteSpace" : false
    }, {
      "id" : "s12-t18",
      "begin" : 762,
      "end" : 771,
      "text" : "Vodaphone",
      "whiteSpace" : false
    }, {
      "id" : "s12-t19",
      "begin" : 771,
      "end" : 772,
      "text" : ".",
      "whiteSpace" : false
    } ]
  }, {
    "id" : "s13",
    "begin" : 773,
    "end" : 789,
    "text" : "Have a good day.",
    "tokens" : [ {
      "id" : "s13-t0",
      "begin" : 773,
      "end" : 777,
      "text" : "Have",
      "whiteSpace" : false
    }, {
      "id" : "s13-t1",
      "begin" : 778,
      "end" : 779,
      "text" : "a",
      "whiteSpace" : false
    }, {
      "id" : "s13-t2",
      "begin" : 780,
      "end" : 784,
      "text" : "good",
      "whiteSpace" : false
    }, {
      "id" : "s13-t3",
      "begin" : 785,
      "end" : 788,
      "text" : "day",
      "whiteSpace" : false
    }, {
      "id" : "s13-t4",
      "begin" : 788,
      "end" : 789,
      "text" : ".",
      "whiteSpace" : false
    } ]
  }, {
    "id" : "s14",
    "begin" : 790,
    "end" : 805,
    "text" : "Caller: you too",
    "tokens" : [ {
      "id" : "s14-t0",
      "begin" : 790,
      "end" : 796,
      "text" : "Caller",
      "whiteSpace" : false
    }, {
      "id" : "s14-t1",
      "begin" : 796,
      "end" : 797,
      "text" : ":",
      "whiteSpace" : false
    }, {
      "id" : "s14-t2",
      "begin" : 798,
      "end" : 801,
      "text" : "you",
      "whiteSpace" : false
    }, {
      "id" : "s14-t3",
      "begin" : 802,
      "end" : 805,
      "text" : "too",
      "whiteSpace" : false
    } ]
  } ],
  "mentions" : [ {
    "id" : "s2-m1",
    "properties" : {
      "SIRE_MENTION_ROLE" : "Name",
      "SIRE_ENTITY_SUBTYPE" : "NONE",
      "SIRE_MENTION_TYPE" : "NONE",
      "SIRE_MENTION_CLASS" : "SPC"
    },
    "type" : "Name",
    "begin" : 56,
    "end" : 61,
    "inCoref" : false
  }, {
    "id" : "s5-m1",
    "properties" : {
      "SIRE_MENTION_ROLE" : "DOB",
      "SIRE_ENTITY_SUBTYPE" : "NONE",
      "SIRE_MENTION_TYPE" : "NONE",
      "SIRE_MENTION_CLASS" : "SPC"
    },
    "type" : "DOB",
    "begin" : 221,
    "end" : 255,
    "inCoref" : false
  }, {
    "id" : "s5-m2",
    "properties" : {
      "SIRE_MENTION_ROLE" : "EmailId",
      "SIRE_ENTITY_SUBTYPE" : "NONE",
      "SIRE_MENTION_TYPE" : "NONE",
      "SIRE_MENTION_CLASS" : "SPC"
    },
    "type" : "EmailId",
    "begin" : 275,
    "end" : 290,
    "inCoref" : false
  }, {
    "id" : "s9-m1",
    "properties" : {
      "SIRE_MENTION_ROLE" : "Address",
      "SIRE_ENTITY_SUBTYPE" : "NONE",
      "SIRE_MENTION_TYPE" : "NONE",
      "SIRE_MENTION_CLASS" : "SPC"
    },
    "type" : "Address",
    "begin" : 488,
    "end" : 553,
    "inCoref" : false
  } ],
  "relations" : [ ],
  "corefs" : [ ],
  "typeResolved" : true,
  "userResolved" : false
}