{
  "id" : "b39fdf60-bd4d-11e7-af2d-855b67e2d9c7-5",
  "name" : "Chat006.txt",
  "createdDate" : 1509352708182,
  "version" : 3,
  "text" : "Cust: Hi this is Pinto here calling from Bangalore\nTech Rep: This is intu from Tikona Technical support Sir, how can I help you today\nCust: My Broadband is not connecting. Can you help resolve\nTech: Sure Sir, let me confirm your Customer ID.. it is 128976 and your address is No 18, 19th Cross, Hebbal, Bangalore 56\nCust: Yes correct\nTech: And I am talking to Mr.Pinto\nCust: Yes its me\nTech: Can I confirm that your Modem is connected and the power is ON\nCust: Yes it is\nTech: Can you switch off the modem and wait for 20 secs and power it back. I will stay on call while you do that?\nCust: Ok I am doing that.... ok I have just restarted the modem\nTech: Thank you, please wait a few mins while I diognise your connection\nCust: ok\nTech: Can you please try to login now Sir?\nCust: Ok, I am going to the login to my broadband account now. Yes, now I am able to login\nCust: Now let me check if I am able to browse the internet.. Yes, I could navigate to google.com. Seems its working now\nTech: Great, is there anything I can do for you today Sir\nCust: No.. thats it thanks very much\nTech: Thank you Sir have a wonderful day\n",
  "docLength" : 0,
  "language" : "EN",
  "status" : "IN_PROGRESS",
  "modifiedDate" : 1578338563654,
  "documentSet" : [ ],
  "preannotation" : [ ],
  "sentences" : [ {
    "id" : "s0",
    "begin" : 0,
    "end" : 171,
    "text" : "Cust: Hi this is Pinto here calling from Bangalore\nTech Rep: This is intu from Tikona Technical support Sir, how can I help you today\nCust: My Broadband is not connecting.",
    "tokens" : [ {
      "id" : "s0-t0",
      "begin" : 0,
      "end" : 4,
      "text" : "Cust",
      "whiteSpace" : false
    }, {
      "id" : "s0-t1",
      "begin" : 4,
      "end" : 5,
      "text" : ":",
      "whiteSpace" : false
    }, {
      "id" : "s0-t2",
      "begin" : 6,
      "end" : 8,
      "text" : "Hi",
      "whiteSpace" : false
    }, {
      "id" : "s0-t3",
      "begin" : 9,
      "end" : 13,
      "text" : "this",
      "whiteSpace" : false
    }, {
      "id" : "s0-t4",
      "begin" : 14,
      "end" : 16,
      "text" : "is",
      "whiteSpace" : false
    }, {
      "id" : "s0-t5",
      "begin" : 17,
      "end" : 22,
      "text" : "Pinto",
      "whiteSpace" : false
    }, {
      "id" : "s0-t6",
      "begin" : 23,
      "end" : 27,
      "text" : "here",
      "whiteSpace" : false
    }, {
      "id" : "s0-t7",
      "begin" : 28,
      "end" : 35,
      "text" : "calling",
      "whiteSpace" : false
    }, {
      "id" : "s0-t8",
      "begin" : 36,
      "end" : 40,
      "text" : "from",
      "whiteSpace" : false
    }, {
      "id" : "s0-t9",
      "begin" : 41,
      "end" : 50,
      "text" : "Bangalore",
      "whiteSpace" : false
    }, {
      "id" : "s0-t10",
      "begin" : 51,
      "end" : 55,
      "text" : "Tech",
      "whiteSpace" : false
    }, {
      "id" : "s0-t11",
      "begin" : 56,
      "end" : 59,
      "text" : "Rep",
      "whiteSpace" : false
    }, {
      "id" : "s0-t12",
      "begin" : 59,
      "end" : 60,
      "text" : ":",
      "whiteSpace" : false
    }, {
      "id" : "s0-t13",
      "begin" : 61,
      "end" : 65,
      "text" : "This",
      "whiteSpace" : false
    }, {
      "id" : "s0-t14",
      "begin" : 66,
      "end" : 68,
      "text" : "is",
      "whiteSpace" : false
    }, {
      "id" : "s0-t15",
      "begin" : 69,
      "end" : 73,
      "text" : "intu",
      "whiteSpace" : false
    }, {
      "id" : "s0-t16",
      "begin" : 74,
      "end" : 78,
      "text" : "from",
      "whiteSpace" : false
    }, {
      "id" : "s0-t17",
      "begin" : 79,
      "end" : 85,
      "text" : "Tikona",
      "whiteSpace" : false
    }, {
      "id" : "s0-t18",
      "begin" : 86,
      "end" : 95,
      "text" : "Technical",
      "whiteSpace" : false
    }, {
      "id" : "s0-t19",
      "begin" : 96,
      "end" : 103,
      "text" : "support",
      "whiteSpace" : false
    }, {
      "id" : "s0-t20",
      "begin" : 104,
      "end" : 107,
      "text" : "Sir",
      "whiteSpace" : false
    }, {
      "id" : "s0-t21",
      "begin" : 107,
      "end" : 108,
      "text" : ",",
      "whiteSpace" : false
    }, {
      "id" : "s0-t22",
      "begin" : 109,
      "end" : 112,
      "text" : "how",
      "whiteSpace" : false
    }, {
      "id" : "s0-t23",
      "begin" : 113,
      "end" : 116,
      "text" : "can",
      "whiteSpace" : false
    }, {
      "id" : "s0-t24",
      "begin" : 117,
      "end" : 118,
      "text" : "I",
      "whiteSpace" : false
    }, {
      "id" : "s0-t25",
      "begin" : 119,
      "end" : 123,
      "text" : "help",
      "whiteSpace" : false
    }, {
      "id" : "s0-t26",
      "begin" : 124,
      "end" : 127,
      "text" : "you",
      "whiteSpace" : false
    }, {
      "id" : "s0-t27",
      "begin" : 128,
      "end" : 133,
      "text" : "today",
      "whiteSpace" : false
    }, {
      "id" : "s0-t28",
      "begin" : 134,
      "end" : 138,
      "text" : "Cust",
      "whiteSpace" : false
    }, {
      "id" : "s0-t29",
      "begin" : 138,
      "end" : 139,
      "text" : ":",
      "whiteSpace" : false
    }, {
      "id" : "s0-t30",
      "begin" : 140,
      "end" : 142,
      "text" : "My",
      "whiteSpace" : false
    }, {
      "id" : "s0-t31",
      "begin" : 143,
      "end" : 152,
      "text" : "Broadband",
      "whiteSpace" : false
    }, {
      "id" : "s0-t32",
      "begin" : 153,
      "end" : 155,
      "text" : "is",
      "whiteSpace" : false
    }, {
      "id" : "s0-t33",
      "begin" : 156,
      "end" : 159,
      "text" : "not",
      "whiteSpace" : false
    }, {
      "id" : "s0-t34",
      "begin" : 160,
      "end" : 170,
      "text" : "connecting",
      "whiteSpace" : false
    }, {
      "id" : "s0-t35",
      "begin" : 170,
      "end" : 171,
      "text" : ".",
      "whiteSpace" : false
    } ]
  }, {
    "id" : "s1",
    "begin" : 172,
    "end" : 545,
    "text" : "Can you help resolve\nTech: Sure Sir, let me confirm your Customer ID.. it is 128976 and your address is No 18, 19th Cross, Hebbal, Bangalore 56\nCust: Yes correct\nTech: And I am talking to Mr.Pinto\nCust: Yes its me\nTech: Can I confirm that your Modem is connected and the power is ON\nCust: Yes it is\nTech: Can you switch off the modem and wait for 20 secs and power it back.",
    "tokens" : [ {
      "id" : "s1-t0",
      "begin" : 172,
      "end" : 175,
      "text" : "Can",
      "whiteSpace" : false
    }, {
      "id" : "s1-t1",
      "begin" : 176,
      "end" : 179,
      "text" : "you",
      "whiteSpace" : false
    }, {
      "id" : "s1-t2",
      "begin" : 180,
      "end" : 184,
      "text" : "help",
      "whiteSpace" : false
    }, {
      "id" : "s1-t3",
      "begin" : 185,
      "end" : 192,
      "text" : "resolve",
      "whiteSpace" : false
    }, {
      "id" : "s1-t4",
      "begin" : 193,
      "end" : 197,
      "text" : "Tech",
      "whiteSpace" : false
    }, {
      "id" : "s1-t5",
      "begin" : 197,
      "end" : 198,
      "text" : ":",
      "whiteSpace" : false
    }, {
      "id" : "s1-t6",
      "begin" : 199,
      "end" : 203,
      "text" : "Sure",
      "whiteSpace" : false
    }, {
      "id" : "s1-t7",
      "begin" : 204,
      "end" : 207,
      "text" : "Sir",
      "whiteSpace" : false
    }, {
      "id" : "s1-t8",
      "begin" : 207,
      "end" : 208,
      "text" : ",",
      "whiteSpace" : false
    }, {
      "id" : "s1-t9",
      "begin" : 209,
      "end" : 212,
      "text" : "let",
      "whiteSpace" : false
    }, {
      "id" : "s1-t10",
      "begin" : 213,
      "end" : 215,
      "text" : "me",
      "whiteSpace" : false
    }, {
      "id" : "s1-t11",
      "begin" : 216,
      "end" : 223,
      "text" : "confirm",
      "whiteSpace" : false
    }, {
      "id" : "s1-t12",
      "begin" : 224,
      "end" : 228,
      "text" : "your",
      "whiteSpace" : false
    }, {
      "id" : "s1-t13",
      "begin" : 229,
      "end" : 237,
      "text" : "Customer",
      "whiteSpace" : false
    }, {
      "id" : "s1-t14",
      "begin" : 238,
      "end" : 240,
      "text" : "ID",
      "whiteSpace" : false
    }, {
      "id" : "s1-t15",
      "begin" : 240,
      "end" : 242,
      "text" : "..",
      "whiteSpace" : false
    }, {
      "id" : "s1-t16",
      "begin" : 243,
      "end" : 245,
      "text" : "it",
      "whiteSpace" : false
    }, {
      "id" : "s1-t17",
      "begin" : 246,
      "end" : 248,
      "text" : "is",
      "whiteSpace" : false
    }, {
      "id" : "s1-t18",
      "begin" : 249,
      "end" : 255,
      "text" : "128976",
      "whiteSpace" : false
    }, {
      "id" : "s1-t19",
      "begin" : 256,
      "end" : 259,
      "text" : "and",
      "whiteSpace" : false
    }, {
      "id" : "s1-t20",
      "begin" : 260,
      "end" : 264,
      "text" : "your",
      "whiteSpace" : false
    }, {
      "id" : "s1-t21",
      "begin" : 265,
      "end" : 272,
      "text" : "address",
      "whiteSpace" : false
    }, {
      "id" : "s1-t22",
      "begin" : 273,
      "end" : 275,
      "text" : "is",
      "whiteSpace" : false
    }, {
      "id" : "s1-t23",
      "begin" : 276,
      "end" : 278,
      "text" : "No",
      "whiteSpace" : false
    }, {
      "id" : "s1-t24",
      "begin" : 279,
      "end" : 281,
      "text" : "18",
      "whiteSpace" : false
    }, {
      "id" : "s1-t25",
      "begin" : 281,
      "end" : 282,
      "text" : ",",
      "whiteSpace" : false
    }, {
      "id" : "s1-t26",
      "begin" : 283,
      "end" : 287,
      "text" : "19th",
      "whiteSpace" : false
    }, {
      "id" : "s1-t27",
      "begin" : 288,
      "end" : 293,
      "text" : "Cross",
      "whiteSpace" : false
    }, {
      "id" : "s1-t28",
      "begin" : 293,
      "end" : 294,
      "text" : ",",
      "whiteSpace" : false
    }, {
      "id" : "s1-t29",
      "begin" : 295,
      "end" : 301,
      "text" : "Hebbal",
      "whiteSpace" : false
    }, {
      "id" : "s1-t30",
      "begin" : 301,
      "end" : 302,
      "text" : ",",
      "whiteSpace" : false
    }, {
      "id" : "s1-t31",
      "begin" : 303,
      "end" : 312,
      "text" : "Bangalore",
      "whiteSpace" : false
    }, {
      "id" : "s1-t32",
      "begin" : 313,
      "end" : 315,
      "text" : "56",
      "whiteSpace" : false
    }, {
      "id" : "s1-t33",
      "begin" : 316,
      "end" : 320,
      "text" : "Cust",
      "whiteSpace" : false
    }, {
      "id" : "s1-t34",
      "begin" : 320,
      "end" : 321,
      "text" : ":",
      "whiteSpace" : false
    }, {
      "id" : "s1-t35",
      "begin" : 322,
      "end" : 325,
      "text" : "Yes",
      "whiteSpace" : false
    }, {
      "id" : "s1-t36",
      "begin" : 326,
      "end" : 333,
      "text" : "correct",
      "whiteSpace" : false
    }, {
      "id" : "s1-t37",
      "begin" : 334,
      "end" : 338,
      "text" : "Tech",
      "whiteSpace" : false
    }, {
      "id" : "s1-t38",
      "begin" : 338,
      "end" : 339,
      "text" : ":",
      "whiteSpace" : false
    }, {
      "id" : "s1-t39",
      "begin" : 340,
      "end" : 343,
      "text" : "And",
      "whiteSpace" : false
    }, {
      "id" : "s1-t40",
      "begin" : 344,
      "end" : 345,
      "text" : "I",
      "whiteSpace" : false
    }, {
      "id" : "s1-t41",
      "begin" : 346,
      "end" : 348,
      "text" : "am",
      "whiteSpace" : false
    }, {
      "id" : "s1-t42",
      "begin" : 349,
      "end" : 356,
      "text" : "talking",
      "whiteSpace" : false
    }, {
      "id" : "s1-t43",
      "begin" : 357,
      "end" : 359,
      "text" : "to",
      "whiteSpace" : false
    }, {
      "id" : "s1-t44",
      "begin" : 360,
      "end" : 368,
      "text" : "Mr.Pinto",
      "whiteSpace" : false
    }, {
      "id" : "s1-t45",
      "begin" : 369,
      "end" : 373,
      "text" : "Cust",
      "whiteSpace" : false
    }, {
      "id" : "s1-t46",
      "begin" : 373,
      "end" : 374,
      "text" : ":",
      "whiteSpace" : false
    }, {
      "id" : "s1-t47",
      "begin" : 375,
      "end" : 378,
      "text" : "Yes",
      "whiteSpace" : false
    }, {
      "id" : "s1-t48",
      "begin" : 379,
      "end" : 382,
      "text" : "its",
      "whiteSpace" : false
    }, {
      "id" : "s1-t49",
      "begin" : 383,
      "end" : 385,
      "text" : "me",
      "whiteSpace" : false
    }, {
      "id" : "s1-t50",
      "begin" : 386,
      "end" : 390,
      "text" : "Tech",
      "whiteSpace" : false
    }, {
      "id" : "s1-t51",
      "begin" : 390,
      "end" : 391,
      "text" : ":",
      "whiteSpace" : false
    }, {
      "id" : "s1-t52",
      "begin" : 392,
      "end" : 395,
      "text" : "Can",
      "whiteSpace" : false
    }, {
      "id" : "s1-t53",
      "begin" : 396,
      "end" : 397,
      "text" : "I",
      "whiteSpace" : false
    }, {
      "id" : "s1-t54",
      "begin" : 398,
      "end" : 405,
      "text" : "confirm",
      "whiteSpace" : false
    }, {
      "id" : "s1-t55",
      "begin" : 406,
      "end" : 410,
      "text" : "that",
      "whiteSpace" : false
    }, {
      "id" : "s1-t56",
      "begin" : 411,
      "end" : 415,
      "text" : "your",
      "whiteSpace" : false
    }, {
      "id" : "s1-t57",
      "begin" : 416,
      "end" : 421,
      "text" : "Modem",
      "whiteSpace" : false
    }, {
      "id" : "s1-t58",
      "begin" : 422,
      "end" : 424,
      "text" : "is",
      "whiteSpace" : false
    }, {
      "id" : "s1-t59",
      "begin" : 425,
      "end" : 434,
      "text" : "connected",
      "whiteSpace" : false
    }, {
      "id" : "s1-t60",
      "begin" : 435,
      "end" : 438,
      "text" : "and",
      "whiteSpace" : false
    }, {
      "id" : "s1-t61",
      "begin" : 439,
      "end" : 442,
      "text" : "the",
      "whiteSpace" : false
    }, {
      "id" : "s1-t62",
      "begin" : 443,
      "end" : 448,
      "text" : "power",
      "whiteSpace" : false
    }, {
      "id" : "s1-t63",
      "begin" : 449,
      "end" : 451,
      "text" : "is",
      "whiteSpace" : false
    }, {
      "id" : "s1-t64",
      "begin" : 452,
      "end" : 454,
      "text" : "ON",
      "whiteSpace" : false
    }, {
      "id" : "s1-t65",
      "begin" : 455,
      "end" : 459,
      "text" : "Cust",
      "whiteSpace" : false
    }, {
      "id" : "s1-t66",
      "begin" : 459,
      "end" : 460,
      "text" : ":",
      "whiteSpace" : false
    }, {
      "id" : "s1-t67",
      "begin" : 461,
      "end" : 464,
      "text" : "Yes",
      "whiteSpace" : false
    }, {
      "id" : "s1-t68",
      "begin" : 465,
      "end" : 467,
      "text" : "it",
      "whiteSpace" : false
    }, {
      "id" : "s1-t69",
      "begin" : 468,
      "end" : 470,
      "text" : "is",
      "whiteSpace" : false
    }, {
      "id" : "s1-t70",
      "begin" : 471,
      "end" : 475,
      "text" : "Tech",
      "whiteSpace" : false
    }, {
      "id" : "s1-t71",
      "begin" : 475,
      "end" : 476,
      "text" : ":",
      "whiteSpace" : false
    }, {
      "id" : "s1-t72",
      "begin" : 477,
      "end" : 480,
      "text" : "Can",
      "whiteSpace" : false
    }, {
      "id" : "s1-t73",
      "begin" : 481,
      "end" : 484,
      "text" : "you",
      "whiteSpace" : false
    }, {
      "id" : "s1-t74",
      "begin" : 485,
      "end" : 491,
      "text" : "switch",
      "whiteSpace" : false
    }, {
      "id" : "s1-t75",
      "begin" : 492,
      "end" : 495,
      "text" : "off",
      "whiteSpace" : false
    }, {
      "id" : "s1-t76",
      "begin" : 496,
      "end" : 499,
      "text" : "the",
      "whiteSpace" : false
    }, {
      "id" : "s1-t77",
      "begin" : 500,
      "end" : 505,
      "text" : "modem",
      "whiteSpace" : false
    }, {
      "id" : "s1-t78",
      "begin" : 506,
      "end" : 509,
      "text" : "and",
      "whiteSpace" : false
    }, {
      "id" : "s1-t79",
      "begin" : 510,
      "end" : 514,
      "text" : "wait",
      "whiteSpace" : false
    }, {
      "id" : "s1-t80",
      "begin" : 515,
      "end" : 518,
      "text" : "for",
      "whiteSpace" : false
    }, {
      "id" : "s1-t81",
      "begin" : 519,
      "end" : 521,
      "text" : "20",
      "whiteSpace" : false
    }, {
      "id" : "s1-t82",
      "begin" : 522,
      "end" : 526,
      "text" : "secs",
      "whiteSpace" : false
    }, {
      "id" : "s1-t83",
      "begin" : 527,
      "end" : 530,
      "text" : "and",
      "whiteSpace" : false
    }, {
      "id" : "s1-t84",
      "begin" : 531,
      "end" : 536,
      "text" : "power",
      "whiteSpace" : false
    }, {
      "id" : "s1-t85",
      "begin" : 537,
      "end" : 539,
      "text" : "it",
      "whiteSpace" : false
    }, {
      "id" : "s1-t86",
      "begin" : 540,
      "end" : 544,
      "text" : "back",
      "whiteSpace" : false
    }, {
      "id" : "s1-t87",
      "begin" : 544,
      "end" : 545,
      "text" : ".",
      "whiteSpace" : false
    } ]
  }, {
    "id" : "s2",
    "begin" : 546,
    "end" : 584,
    "text" : "I will stay on call while you do that?",
    "tokens" : [ {
      "id" : "s2-t0",
      "begin" : 546,
      "end" : 547,
      "text" : "I",
      "whiteSpace" : false
    }, {
      "id" : "s2-t1",
      "begin" : 548,
      "end" : 552,
      "text" : "will",
      "whiteSpace" : false
    }, {
      "id" : "s2-t2",
      "begin" : 553,
      "end" : 557,
      "text" : "stay",
      "whiteSpace" : false
    }, {
      "id" : "s2-t3",
      "begin" : 558,
      "end" : 560,
      "text" : "on",
      "whiteSpace" : false
    }, {
      "id" : "s2-t4",
      "begin" : 561,
      "end" : 565,
      "text" : "call",
      "whiteSpace" : false
    }, {
      "id" : "s2-t5",
      "begin" : 566,
      "end" : 571,
      "text" : "while",
      "whiteSpace" : false
    }, {
      "id" : "s2-t6",
      "begin" : 572,
      "end" : 575,
      "text" : "you",
      "whiteSpace" : false
    }, {
      "id" : "s2-t7",
      "begin" : 576,
      "end" : 578,
      "text" : "do",
      "whiteSpace" : false
    }, {
      "id" : "s2-t8",
      "begin" : 579,
      "end" : 583,
      "text" : "that",
      "whiteSpace" : false
    }, {
      "id" : "s2-t9",
      "begin" : 583,
      "end" : 584,
      "text" : "?",
      "whiteSpace" : false
    } ]
  }, {
    "id" : "s3",
    "begin" : 585,
    "end" : 773,
    "text" : "Cust: Ok I am doing that.... ok I have just restarted the modem\nTech: Thank you, please wait a few mins while I diognise your connection\nCust: ok\nTech: Can you please try to login now Sir?",
    "tokens" : [ {
      "id" : "s3-t0",
      "begin" : 585,
      "end" : 589,
      "text" : "Cust",
      "whiteSpace" : false
    }, {
      "id" : "s3-t1",
      "begin" : 589,
      "end" : 590,
      "text" : ":",
      "whiteSpace" : false
    }, {
      "id" : "s3-t2",
      "begin" : 591,
      "end" : 593,
      "text" : "Ok",
      "whiteSpace" : false
    }, {
      "id" : "s3-t3",
      "begin" : 594,
      "end" : 595,
      "text" : "I",
      "whiteSpace" : false
    }, {
      "id" : "s3-t4",
      "begin" : 596,
      "end" : 598,
      "text" : "am",
      "whiteSpace" : false
    }, {
      "id" : "s3-t5",
      "begin" : 599,
      "end" : 604,
      "text" : "doing",
      "whiteSpace" : false
    }, {
      "id" : "s3-t6",
      "begin" : 605,
      "end" : 609,
      "text" : "that",
      "whiteSpace" : false
    }, {
      "id" : "s3-t7",
      "begin" : 609,
      "end" : 613,
      "text" : "....",
      "whiteSpace" : false
    }, {
      "id" : "s3-t8",
      "begin" : 614,
      "end" : 616,
      "text" : "ok",
      "whiteSpace" : false
    }, {
      "id" : "s3-t9",
      "begin" : 617,
      "end" : 618,
      "text" : "I",
      "whiteSpace" : false
    }, {
      "id" : "s3-t10",
      "begin" : 619,
      "end" : 623,
      "text" : "have",
      "whiteSpace" : false
    }, {
      "id" : "s3-t11",
      "begin" : 624,
      "end" : 628,
      "text" : "just",
      "whiteSpace" : false
    }, {
      "id" : "s3-t12",
      "begin" : 629,
      "end" : 638,
      "text" : "restarted",
      "whiteSpace" : false
    }, {
      "id" : "s3-t13",
      "begin" : 639,
      "end" : 642,
      "text" : "the",
      "whiteSpace" : false
    }, {
      "id" : "s3-t14",
      "begin" : 643,
      "end" : 648,
      "text" : "modem",
      "whiteSpace" : false
    }, {
      "id" : "s3-t15",
      "begin" : 649,
      "end" : 653,
      "text" : "Tech",
      "whiteSpace" : false
    }, {
      "id" : "s3-t16",
      "begin" : 653,
      "end" : 654,
      "text" : ":",
      "whiteSpace" : false
    }, {
      "id" : "s3-t17",
      "begin" : 655,
      "end" : 660,
      "text" : "Thank",
      "whiteSpace" : false
    }, {
      "id" : "s3-t18",
      "begin" : 661,
      "end" : 664,
      "text" : "you",
      "whiteSpace" : false
    }, {
      "id" : "s3-t19",
      "begin" : 664,
      "end" : 665,
      "text" : ",",
      "whiteSpace" : false
    }, {
      "id" : "s3-t20",
      "begin" : 666,
      "end" : 672,
      "text" : "please",
      "whiteSpace" : false
    }, {
      "id" : "s3-t21",
      "begin" : 673,
      "end" : 677,
      "text" : "wait",
      "whiteSpace" : false
    }, {
      "id" : "s3-t22",
      "begin" : 678,
      "end" : 679,
      "text" : "a",
      "whiteSpace" : false
    }, {
      "id" : "s3-t23",
      "begin" : 680,
      "end" : 683,
      "text" : "few",
      "whiteSpace" : false
    }, {
      "id" : "s3-t24",
      "begin" : 684,
      "end" : 688,
      "text" : "mins",
      "whiteSpace" : false
    }, {
      "id" : "s3-t25",
      "begin" : 689,
      "end" : 694,
      "text" : "while",
      "whiteSpace" : false
    }, {
      "id" : "s3-t26",
      "begin" : 695,
      "end" : 696,
      "text" : "I",
      "whiteSpace" : false
    }, {
      "id" : "s3-t27",
      "begin" : 697,
      "end" : 705,
      "text" : "diognise",
      "whiteSpace" : false
    }, {
      "id" : "s3-t28",
      "begin" : 706,
      "end" : 710,
      "text" : "your",
      "whiteSpace" : false
    }, {
      "id" : "s3-t29",
      "begin" : 711,
      "end" : 721,
      "text" : "connection",
      "whiteSpace" : false
    }, {
      "id" : "s3-t30",
      "begin" : 722,
      "end" : 726,
      "text" : "Cust",
      "whiteSpace" : false
    }, {
      "id" : "s3-t31",
      "begin" : 726,
      "end" : 727,
      "text" : ":",
      "whiteSpace" : false
    }, {
      "id" : "s3-t32",
      "begin" : 728,
      "end" : 730,
      "text" : "ok",
      "whiteSpace" : false
    }, {
      "id" : "s3-t33",
      "begin" : 731,
      "end" : 735,
      "text" : "Tech",
      "whiteSpace" : false
    }, {
      "id" : "s3-t34",
      "begin" : 735,
      "end" : 736,
      "text" : ":",
      "whiteSpace" : false
    }, {
      "id" : "s3-t35",
      "begin" : 737,
      "end" : 740,
      "text" : "Can",
      "whiteSpace" : false
    }, {
      "id" : "s3-t36",
      "begin" : 741,
      "end" : 744,
      "text" : "you",
      "whiteSpace" : false
    }, {
      "id" : "s3-t37",
      "begin" : 745,
      "end" : 751,
      "text" : "please",
      "whiteSpace" : false
    }, {
      "id" : "s3-t38",
      "begin" : 752,
      "end" : 755,
      "text" : "try",
      "whiteSpace" : false
    }, {
      "id" : "s3-t39",
      "begin" : 756,
      "end" : 758,
      "text" : "to",
      "whiteSpace" : false
    }, {
      "id" : "s3-t40",
      "begin" : 759,
      "end" : 764,
      "text" : "login",
      "whiteSpace" : false
    }, {
      "id" : "s3-t41",
      "begin" : 765,
      "end" : 768,
      "text" : "now",
      "whiteSpace" : false
    }, {
      "id" : "s3-t42",
      "begin" : 769,
      "end" : 772,
      "text" : "Sir",
      "whiteSpace" : false
    }, {
      "id" : "s3-t43",
      "begin" : 772,
      "end" : 773,
      "text" : "?",
      "whiteSpace" : false
    } ]
  }, {
    "id" : "s4",
    "begin" : 774,
    "end" : 836,
    "text" : "Cust: Ok, I am going to the login to my broadband account now.",
    "tokens" : [ {
      "id" : "s4-t0",
      "begin" : 774,
      "end" : 778,
      "text" : "Cust",
      "whiteSpace" : false
    }, {
      "id" : "s4-t1",
      "begin" : 778,
      "end" : 779,
      "text" : ":",
      "whiteSpace" : false
    }, {
      "id" : "s4-t2",
      "begin" : 780,
      "end" : 782,
      "text" : "Ok",
      "whiteSpace" : false
    }, {
      "id" : "s4-t3",
      "begin" : 782,
      "end" : 783,
      "text" : ",",
      "whiteSpace" : false
    }, {
      "id" : "s4-t4",
      "begin" : 784,
      "end" : 785,
      "text" : "I",
      "whiteSpace" : false
    }, {
      "id" : "s4-t5",
      "begin" : 786,
      "end" : 788,
      "text" : "am",
      "whiteSpace" : false
    }, {
      "id" : "s4-t6",
      "begin" : 789,
      "end" : 794,
      "text" : "going",
      "whiteSpace" : false
    }, {
      "id" : "s4-t7",
      "begin" : 795,
      "end" : 797,
      "text" : "to",
      "whiteSpace" : false
    }, {
      "id" : "s4-t8",
      "begin" : 798,
      "end" : 801,
      "text" : "the",
      "whiteSpace" : false
    }, {
      "id" : "s4-t9",
      "begin" : 802,
      "end" : 807,
      "text" : "login",
      "whiteSpace" : false
    }, {
      "id" : "s4-t10",
      "begin" : 808,
      "end" : 810,
      "text" : "to",
      "whiteSpace" : false
    }, {
      "id" : "s4-t11",
      "begin" : 811,
      "end" : 813,
      "text" : "my",
      "whiteSpace" : false
    }, {
      "id" : "s4-t12",
      "begin" : 814,
      "end" : 823,
      "text" : "broadband",
      "whiteSpace" : false
    }, {
      "id" : "s4-t13",
      "begin" : 824,
      "end" : 831,
      "text" : "account",
      "whiteSpace" : false
    }, {
      "id" : "s4-t14",
      "begin" : 832,
      "end" : 835,
      "text" : "now",
      "whiteSpace" : false
    }, {
      "id" : "s4-t15",
      "begin" : 835,
      "end" : 836,
      "text" : ".",
      "whiteSpace" : false
    } ]
  }, {
    "id" : "s5",
    "begin" : 837,
    "end" : 962,
    "text" : "Yes, now I am able to login\nCust: Now let me check if I am able to browse the internet.. Yes, I could navigate to google.com.",
    "tokens" : [ {
      "id" : "s5-t0",
      "begin" : 837,
      "end" : 840,
      "text" : "Yes",
      "whiteSpace" : false
    }, {
      "id" : "s5-t1",
      "begin" : 840,
      "end" : 841,
      "text" : ",",
      "whiteSpace" : false
    }, {
      "id" : "s5-t2",
      "begin" : 842,
      "end" : 845,
      "text" : "now",
      "whiteSpace" : false
    }, {
      "id" : "s5-t3",
      "begin" : 846,
      "end" : 847,
      "text" : "I",
      "whiteSpace" : false
    }, {
      "id" : "s5-t4",
      "begin" : 848,
      "end" : 850,
      "text" : "am",
      "whiteSpace" : false
    }, {
      "id" : "s5-t5",
      "begin" : 851,
      "end" : 855,
      "text" : "able",
      "whiteSpace" : false
    }, {
      "id" : "s5-t6",
      "begin" : 856,
      "end" : 858,
      "text" : "to",
      "whiteSpace" : false
    }, {
      "id" : "s5-t7",
      "begin" : 859,
      "end" : 864,
      "text" : "login",
      "whiteSpace" : false
    }, {
      "id" : "s5-t8",
      "begin" : 865,
      "end" : 869,
      "text" : "Cust",
      "whiteSpace" : false
    }, {
      "id" : "s5-t9",
      "begin" : 869,
      "end" : 870,
      "text" : ":",
      "whiteSpace" : false
    }, {
      "id" : "s5-t10",
      "begin" : 871,
      "end" : 874,
      "text" : "Now",
      "whiteSpace" : false
    }, {
      "id" : "s5-t11",
      "begin" : 875,
      "end" : 878,
      "text" : "let",
      "whiteSpace" : false
    }, {
      "id" : "s5-t12",
      "begin" : 879,
      "end" : 881,
      "text" : "me",
      "whiteSpace" : false
    }, {
      "id" : "s5-t13",
      "begin" : 882,
      "end" : 887,
      "text" : "check",
      "whiteSpace" : false
    }, {
      "id" : "s5-t14",
      "begin" : 888,
      "end" : 890,
      "text" : "if",
      "whiteSpace" : false
    }, {
      "id" : "s5-t15",
      "begin" : 891,
      "end" : 892,
      "text" : "I",
      "whiteSpace" : false
    }, {
      "id" : "s5-t16",
      "begin" : 893,
      "end" : 895,
      "text" : "am",
      "whiteSpace" : false
    }, {
      "id" : "s5-t17",
      "begin" : 896,
      "end" : 900,
      "text" : "able",
      "whiteSpace" : false
    }, {
      "id" : "s5-t18",
      "begin" : 901,
      "end" : 903,
      "text" : "to",
      "whiteSpace" : false
    }, {
      "id" : "s5-t19",
      "begin" : 904,
      "end" : 910,
      "text" : "browse",
      "whiteSpace" : false
    }, {
      "id" : "s5-t20",
      "begin" : 911,
      "end" : 914,
      "text" : "the",
      "whiteSpace" : false
    }, {
      "id" : "s5-t21",
      "begin" : 915,
      "end" : 923,
      "text" : "internet",
      "whiteSpace" : false
    }, {
      "id" : "s5-t22",
      "begin" : 923,
      "end" : 925,
      "text" : "..",
      "whiteSpace" : false
    }, {
      "id" : "s5-t23",
      "begin" : 926,
      "end" : 929,
      "text" : "Yes",
      "whiteSpace" : false
    }, {
      "id" : "s5-t24",
      "begin" : 929,
      "end" : 930,
      "text" : ",",
      "whiteSpace" : false
    }, {
      "id" : "s5-t25",
      "begin" : 931,
      "end" : 932,
      "text" : "I",
      "whiteSpace" : false
    }, {
      "id" : "s5-t26",
      "begin" : 933,
      "end" : 938,
      "text" : "could",
      "whiteSpace" : false
    }, {
      "id" : "s5-t27",
      "begin" : 939,
      "end" : 947,
      "text" : "navigate",
      "whiteSpace" : false
    }, {
      "id" : "s5-t28",
      "begin" : 948,
      "end" : 950,
      "text" : "to",
      "whiteSpace" : false
    }, {
      "id" : "s5-t29",
      "begin" : 951,
      "end" : 961,
      "text" : "google.com",
      "whiteSpace" : false
    }, {
      "id" : "s5-t30",
      "begin" : 961,
      "end" : 962,
      "text" : ".",
      "whiteSpace" : false
    } ]
  }, {
    "id" : "s6",
    "begin" : 963,
    "end" : 1120,
    "text" : "Seems its working now\nTech: Great, is there anything I can do for you today Sir\nCust: No.. thats it thanks very much\nTech: Thank you Sir have a wonderful day",
    "tokens" : [ {
      "id" : "s6-t0",
      "begin" : 963,
      "end" : 968,
      "text" : "Seems",
      "whiteSpace" : false
    }, {
      "id" : "s6-t1",
      "begin" : 969,
      "end" : 972,
      "text" : "its",
      "whiteSpace" : false
    }, {
      "id" : "s6-t2",
      "begin" : 973,
      "end" : 980,
      "text" : "working",
      "whiteSpace" : false
    }, {
      "id" : "s6-t3",
      "begin" : 981,
      "end" : 984,
      "text" : "now",
      "whiteSpace" : false
    }, {
      "id" : "s6-t4",
      "begin" : 985,
      "end" : 989,
      "text" : "Tech",
      "whiteSpace" : false
    }, {
      "id" : "s6-t5",
      "begin" : 989,
      "end" : 990,
      "text" : ":",
      "whiteSpace" : false
    }, {
      "id" : "s6-t6",
      "begin" : 991,
      "end" : 996,
      "text" : "Great",
      "whiteSpace" : false
    }, {
      "id" : "s6-t7",
      "begin" : 996,
      "end" : 997,
      "text" : ",",
      "whiteSpace" : false
    }, {
      "id" : "s6-t8",
      "begin" : 998,
      "end" : 1000,
      "text" : "is",
      "whiteSpace" : false
    }, {
      "id" : "s6-t9",
      "begin" : 1001,
      "end" : 1006,
      "text" : "there",
      "whiteSpace" : false
    }, {
      "id" : "s6-t10",
      "begin" : 1007,
      "end" : 1015,
      "text" : "anything",
      "whiteSpace" : false
    }, {
      "id" : "s6-t11",
      "begin" : 1016,
      "end" : 1017,
      "text" : "I",
      "whiteSpace" : false
    }, {
      "id" : "s6-t12",
      "begin" : 1018,
      "end" : 1021,
      "text" : "can",
      "whiteSpace" : false
    }, {
      "id" : "s6-t13",
      "begin" : 1022,
      "end" : 1024,
      "text" : "do",
      "whiteSpace" : false
    }, {
      "id" : "s6-t14",
      "begin" : 1025,
      "end" : 1028,
      "text" : "for",
      "whiteSpace" : false
    }, {
      "id" : "s6-t15",
      "begin" : 1029,
      "end" : 1032,
      "text" : "you",
      "whiteSpace" : false
    }, {
      "id" : "s6-t16",
      "begin" : 1033,
      "end" : 1038,
      "text" : "today",
      "whiteSpace" : false
    }, {
      "id" : "s6-t17",
      "begin" : 1039,
      "end" : 1042,
      "text" : "Sir",
      "whiteSpace" : false
    }, {
      "id" : "s6-t18",
      "begin" : 1043,
      "end" : 1047,
      "text" : "Cust",
      "whiteSpace" : false
    }, {
      "id" : "s6-t19",
      "begin" : 1047,
      "end" : 1048,
      "text" : ":",
      "whiteSpace" : false
    }, {
      "id" : "s6-t20",
      "begin" : 1049,
      "end" : 1053,
      "text" : "No..",
      "whiteSpace" : false
    }, {
      "id" : "s6-t21",
      "begin" : 1054,
      "end" : 1059,
      "text" : "thats",
      "whiteSpace" : false
    }, {
      "id" : "s6-t22",
      "begin" : 1060,
      "end" : 1062,
      "text" : "it",
      "whiteSpace" : false
    }, {
      "id" : "s6-t23",
      "begin" : 1063,
      "end" : 1069,
      "text" : "thanks",
      "whiteSpace" : false
    }, {
      "id" : "s6-t24",
      "begin" : 1070,
      "end" : 1074,
      "text" : "very",
      "whiteSpace" : false
    }, {
      "id" : "s6-t25",
      "begin" : 1075,
      "end" : 1079,
      "text" : "much",
      "whiteSpace" : false
    }, {
      "id" : "s6-t26",
      "begin" : 1080,
      "end" : 1084,
      "text" : "Tech",
      "whiteSpace" : false
    }, {
      "id" : "s6-t27",
      "begin" : 1084,
      "end" : 1085,
      "text" : ":",
      "whiteSpace" : false
    }, {
      "id" : "s6-t28",
      "begin" : 1086,
      "end" : 1091,
      "text" : "Thank",
      "whiteSpace" : false
    }, {
      "id" : "s6-t29",
      "begin" : 1092,
      "end" : 1095,
      "text" : "you",
      "whiteSpace" : false
    }, {
      "id" : "s6-t30",
      "begin" : 1096,
      "end" : 1099,
      "text" : "Sir",
      "whiteSpace" : false
    }, {
      "id" : "s6-t31",
      "begin" : 1100,
      "end" : 1104,
      "text" : "have",
      "whiteSpace" : false
    }, {
      "id" : "s6-t32",
      "begin" : 1105,
      "end" : 1106,
      "text" : "a",
      "whiteSpace" : false
    }, {
      "id" : "s6-t33",
      "begin" : 1107,
      "end" : 1116,
      "text" : "wonderful",
      "whiteSpace" : false
    }, {
      "id" : "s6-t34",
      "begin" : 1117,
      "end" : 1120,
      "text" : "day",
      "whiteSpace" : false
    } ]
  } ],
  "mentions" : [ {
    "id" : "s0-m1",
    "properties" : {
      "SIRE_MENTION_ROLE" : "Name",
      "SIRE_ENTITY_SUBTYPE" : "NONE",
      "SIRE_MENTION_TYPE" : "NONE",
      "SIRE_MENTION_CLASS" : "SPC"
    },
    "type" : "Name",
    "begin" : 17,
    "end" : 22,
    "inCoref" : false
  }, {
    "id" : "s1-m1",
    "properties" : {
      "SIRE_MENTION_ROLE" : "Address",
      "SIRE_ENTITY_SUBTYPE" : "NONE",
      "SIRE_MENTION_TYPE" : "NONE",
      "SIRE_MENTION_CLASS" : "SPC"
    },
    "type" : "Address",
    "begin" : 276,
    "end" : 315,
    "inCoref" : false
  }, {
    "id" : "s1-m2",
    "properties" : {
      "SIRE_MENTION_ROLE" : "Name",
      "SIRE_ENTITY_SUBTYPE" : "NONE",
      "SIRE_MENTION_TYPE" : "NONE",
      "SIRE_MENTION_CLASS" : "SPC"
    },
    "type" : "Name",
    "begin" : 360,
    "end" : 368,
    "inCoref" : false
  } ],
  "relations" : [ ],
  "corefs" : [ ],
  "typeResolved" : true,
  "userResolved" : false
}