{
  "id" : "b39fdf60-bd4d-11e7-af2d-855b67e2d9c7-14",
  "name" : "Chat015.txt",
  "createdDate" : 1509352708182,
  "version" : 3,
  "text" : "Rep: This is Priya. How can I help you?\nCaller: This is Anand. I want to add Aadhaar number for my number.\nRep: Sure, Sir, I’ll help you. Tell me the number for which you want to add Aadhaar number.\nCaller: 123456789\nRep: Can you please tell your date of birth, it is required for verification purpose.\nCaller: ok, it is 10th September 1989\nRep: and your email id is?\nCaller: it is anand123@gmail.com\nRep: Thank you for verification. Tell me your Aadhaar Number.\nCaller: 123412341234\nRep: Ok.. I have raised a service request to add aadhaar number for your number. You will get an update in 3 hours. Is there anything else that I can help you with\nCaller: No\nRep: Thanks for calling Vodafone. Have a good day.\n",
  "docLength" : 0,
  "language" : "EN",
  "status" : "IN_PROGRESS",
  "modifiedDate" : 1578338307020,
  "documentSet" : [ ],
  "preannotation" : [ ],
  "sentences" : [ {
    "id" : "s0",
    "begin" : 0,
    "end" : 19,
    "text" : "Rep: This is Priya.",
    "tokens" : [ {
      "id" : "s0-t0",
      "begin" : 0,
      "end" : 3,
      "text" : "Rep",
      "whiteSpace" : false
    }, {
      "id" : "s0-t1",
      "begin" : 3,
      "end" : 4,
      "text" : ":",
      "whiteSpace" : false
    }, {
      "id" : "s0-t2",
      "begin" : 5,
      "end" : 9,
      "text" : "This",
      "whiteSpace" : false
    }, {
      "id" : "s0-t3",
      "begin" : 10,
      "end" : 12,
      "text" : "is",
      "whiteSpace" : false
    }, {
      "id" : "s0-t4",
      "begin" : 13,
      "end" : 18,
      "text" : "Priya",
      "whiteSpace" : false
    }, {
      "id" : "s0-t5",
      "begin" : 18,
      "end" : 19,
      "text" : ".",
      "whiteSpace" : false
    } ]
  }, {
    "id" : "s1",
    "begin" : 20,
    "end" : 39,
    "text" : "How can I help you?",
    "tokens" : [ {
      "id" : "s1-t0",
      "begin" : 20,
      "end" : 23,
      "text" : "How",
      "whiteSpace" : false
    }, {
      "id" : "s1-t1",
      "begin" : 24,
      "end" : 27,
      "text" : "can",
      "whiteSpace" : false
    }, {
      "id" : "s1-t2",
      "begin" : 28,
      "end" : 29,
      "text" : "I",
      "whiteSpace" : false
    }, {
      "id" : "s1-t3",
      "begin" : 30,
      "end" : 34,
      "text" : "help",
      "whiteSpace" : false
    }, {
      "id" : "s1-t4",
      "begin" : 35,
      "end" : 38,
      "text" : "you",
      "whiteSpace" : false
    }, {
      "id" : "s1-t5",
      "begin" : 38,
      "end" : 39,
      "text" : "?",
      "whiteSpace" : false
    } ]
  }, {
    "id" : "s2",
    "begin" : 40,
    "end" : 62,
    "text" : "Caller: This is Anand.",
    "tokens" : [ {
      "id" : "s2-t0",
      "begin" : 40,
      "end" : 46,
      "text" : "Caller",
      "whiteSpace" : false
    }, {
      "id" : "s2-t1",
      "begin" : 46,
      "end" : 47,
      "text" : ":",
      "whiteSpace" : false
    }, {
      "id" : "s2-t2",
      "begin" : 48,
      "end" : 52,
      "text" : "This",
      "whiteSpace" : false
    }, {
      "id" : "s2-t3",
      "begin" : 53,
      "end" : 55,
      "text" : "is",
      "whiteSpace" : false
    }, {
      "id" : "s2-t4",
      "begin" : 56,
      "end" : 61,
      "text" : "Anand",
      "whiteSpace" : false
    }, {
      "id" : "s2-t5",
      "begin" : 61,
      "end" : 62,
      "text" : ".",
      "whiteSpace" : false
    } ]
  }, {
    "id" : "s3",
    "begin" : 63,
    "end" : 106,
    "text" : "I want to add Aadhaar number for my number.",
    "tokens" : [ {
      "id" : "s3-t0",
      "begin" : 63,
      "end" : 64,
      "text" : "I",
      "whiteSpace" : false
    }, {
      "id" : "s3-t1",
      "begin" : 65,
      "end" : 69,
      "text" : "want",
      "whiteSpace" : false
    }, {
      "id" : "s3-t2",
      "begin" : 70,
      "end" : 72,
      "text" : "to",
      "whiteSpace" : false
    }, {
      "id" : "s3-t3",
      "begin" : 73,
      "end" : 76,
      "text" : "add",
      "whiteSpace" : false
    }, {
      "id" : "s3-t4",
      "begin" : 77,
      "end" : 84,
      "text" : "Aadhaar",
      "whiteSpace" : false
    }, {
      "id" : "s3-t5",
      "begin" : 85,
      "end" : 91,
      "text" : "number",
      "whiteSpace" : false
    }, {
      "id" : "s3-t6",
      "begin" : 92,
      "end" : 95,
      "text" : "for",
      "whiteSpace" : false
    }, {
      "id" : "s3-t7",
      "begin" : 96,
      "end" : 98,
      "text" : "my",
      "whiteSpace" : false
    }, {
      "id" : "s3-t8",
      "begin" : 99,
      "end" : 105,
      "text" : "number",
      "whiteSpace" : false
    }, {
      "id" : "s3-t9",
      "begin" : 105,
      "end" : 106,
      "text" : ".",
      "whiteSpace" : false
    } ]
  }, {
    "id" : "s4",
    "begin" : 107,
    "end" : 137,
    "text" : "Rep: Sure, Sir, I’ll help you.",
    "tokens" : [ {
      "id" : "s4-t0",
      "begin" : 107,
      "end" : 110,
      "text" : "Rep",
      "whiteSpace" : false
    }, {
      "id" : "s4-t1",
      "begin" : 110,
      "end" : 111,
      "text" : ":",
      "whiteSpace" : false
    }, {
      "id" : "s4-t2",
      "begin" : 112,
      "end" : 116,
      "text" : "Sure",
      "whiteSpace" : false
    }, {
      "id" : "s4-t3",
      "begin" : 116,
      "end" : 117,
      "text" : ",",
      "whiteSpace" : false
    }, {
      "id" : "s4-t4",
      "begin" : 118,
      "end" : 121,
      "text" : "Sir",
      "whiteSpace" : false
    }, {
      "id" : "s4-t5",
      "begin" : 121,
      "end" : 122,
      "text" : ",",
      "whiteSpace" : false
    }, {
      "id" : "s4-t6",
      "begin" : 123,
      "end" : 124,
      "text" : "I",
      "whiteSpace" : false
    }, {
      "id" : "s4-t7",
      "begin" : 124,
      "end" : 127,
      "text" : "’ll",
      "whiteSpace" : false
    }, {
      "id" : "s4-t8",
      "begin" : 128,
      "end" : 132,
      "text" : "help",
      "whiteSpace" : false
    }, {
      "id" : "s4-t9",
      "begin" : 133,
      "end" : 136,
      "text" : "you",
      "whiteSpace" : false
    }, {
      "id" : "s4-t10",
      "begin" : 136,
      "end" : 137,
      "text" : ".",
      "whiteSpace" : false
    } ]
  }, {
    "id" : "s5",
    "begin" : 138,
    "end" : 198,
    "text" : "Tell me the number for which you want to add Aadhaar number.",
    "tokens" : [ {
      "id" : "s5-t0",
      "begin" : 138,
      "end" : 142,
      "text" : "Tell",
      "whiteSpace" : false
    }, {
      "id" : "s5-t1",
      "begin" : 143,
      "end" : 145,
      "text" : "me",
      "whiteSpace" : false
    }, {
      "id" : "s5-t2",
      "begin" : 146,
      "end" : 149,
      "text" : "the",
      "whiteSpace" : false
    }, {
      "id" : "s5-t3",
      "begin" : 150,
      "end" : 156,
      "text" : "number",
      "whiteSpace" : false
    }, {
      "id" : "s5-t4",
      "begin" : 157,
      "end" : 160,
      "text" : "for",
      "whiteSpace" : false
    }, {
      "id" : "s5-t5",
      "begin" : 161,
      "end" : 166,
      "text" : "which",
      "whiteSpace" : false
    }, {
      "id" : "s5-t6",
      "begin" : 167,
      "end" : 170,
      "text" : "you",
      "whiteSpace" : false
    }, {
      "id" : "s5-t7",
      "begin" : 171,
      "end" : 175,
      "text" : "want",
      "whiteSpace" : false
    }, {
      "id" : "s5-t8",
      "begin" : 176,
      "end" : 178,
      "text" : "to",
      "whiteSpace" : false
    }, {
      "id" : "s5-t9",
      "begin" : 179,
      "end" : 182,
      "text" : "add",
      "whiteSpace" : false
    }, {
      "id" : "s5-t10",
      "begin" : 183,
      "end" : 190,
      "text" : "Aadhaar",
      "whiteSpace" : false
    }, {
      "id" : "s5-t11",
      "begin" : 191,
      "end" : 197,
      "text" : "number",
      "whiteSpace" : false
    }, {
      "id" : "s5-t12",
      "begin" : 197,
      "end" : 198,
      "text" : ".",
      "whiteSpace" : false
    } ]
  }, {
    "id" : "s6",
    "begin" : 199,
    "end" : 302,
    "text" : "Caller: 123456789\nRep: Can you please tell your date of birth, it is required for verification purpose.",
    "tokens" : [ {
      "id" : "s6-t0",
      "begin" : 199,
      "end" : 205,
      "text" : "Caller",
      "whiteSpace" : false
    }, {
      "id" : "s6-t1",
      "begin" : 205,
      "end" : 206,
      "text" : ":",
      "whiteSpace" : false
    }, {
      "id" : "s6-t2",
      "begin" : 207,
      "end" : 216,
      "text" : "123456789",
      "whiteSpace" : false
    }, {
      "id" : "s6-t3",
      "begin" : 217,
      "end" : 220,
      "text" : "Rep",
      "whiteSpace" : false
    }, {
      "id" : "s6-t4",
      "begin" : 220,
      "end" : 221,
      "text" : ":",
      "whiteSpace" : false
    }, {
      "id" : "s6-t5",
      "begin" : 222,
      "end" : 225,
      "text" : "Can",
      "whiteSpace" : false
    }, {
      "id" : "s6-t6",
      "begin" : 226,
      "end" : 229,
      "text" : "you",
      "whiteSpace" : false
    }, {
      "id" : "s6-t7",
      "begin" : 230,
      "end" : 236,
      "text" : "please",
      "whiteSpace" : false
    }, {
      "id" : "s6-t8",
      "begin" : 237,
      "end" : 241,
      "text" : "tell",
      "whiteSpace" : false
    }, {
      "id" : "s6-t9",
      "begin" : 242,
      "end" : 246,
      "text" : "your",
      "whiteSpace" : false
    }, {
      "id" : "s6-t10",
      "begin" : 247,
      "end" : 251,
      "text" : "date",
      "whiteSpace" : false
    }, {
      "id" : "s6-t11",
      "begin" : 252,
      "end" : 254,
      "text" : "of",
      "whiteSpace" : false
    }, {
      "id" : "s6-t12",
      "begin" : 255,
      "end" : 260,
      "text" : "birth",
      "whiteSpace" : false
    }, {
      "id" : "s6-t13",
      "begin" : 260,
      "end" : 261,
      "text" : ",",
      "whiteSpace" : false
    }, {
      "id" : "s6-t14",
      "begin" : 262,
      "end" : 264,
      "text" : "it",
      "whiteSpace" : false
    }, {
      "id" : "s6-t15",
      "begin" : 265,
      "end" : 267,
      "text" : "is",
      "whiteSpace" : false
    }, {
      "id" : "s6-t16",
      "begin" : 268,
      "end" : 276,
      "text" : "required",
      "whiteSpace" : false
    }, {
      "id" : "s6-t17",
      "begin" : 277,
      "end" : 280,
      "text" : "for",
      "whiteSpace" : false
    }, {
      "id" : "s6-t18",
      "begin" : 281,
      "end" : 293,
      "text" : "verification",
      "whiteSpace" : false
    }, {
      "id" : "s6-t19",
      "begin" : 294,
      "end" : 301,
      "text" : "purpose",
      "whiteSpace" : false
    }, {
      "id" : "s6-t20",
      "begin" : 301,
      "end" : 302,
      "text" : ".",
      "whiteSpace" : false
    } ]
  }, {
    "id" : "s7",
    "begin" : 303,
    "end" : 367,
    "text" : "Caller: ok, it is 10th September 1989\nRep: and your email id is?",
    "tokens" : [ {
      "id" : "s7-t0",
      "begin" : 303,
      "end" : 309,
      "text" : "Caller",
      "whiteSpace" : false
    }, {
      "id" : "s7-t1",
      "begin" : 309,
      "end" : 310,
      "text" : ":",
      "whiteSpace" : false
    }, {
      "id" : "s7-t2",
      "begin" : 311,
      "end" : 313,
      "text" : "ok",
      "whiteSpace" : false
    }, {
      "id" : "s7-t3",
      "begin" : 313,
      "end" : 314,
      "text" : ",",
      "whiteSpace" : false
    }, {
      "id" : "s7-t4",
      "begin" : 315,
      "end" : 317,
      "text" : "it",
      "whiteSpace" : false
    }, {
      "id" : "s7-t5",
      "begin" : 318,
      "end" : 320,
      "text" : "is",
      "whiteSpace" : false
    }, {
      "id" : "s7-t6",
      "begin" : 321,
      "end" : 325,
      "text" : "10th",
      "whiteSpace" : false
    }, {
      "id" : "s7-t7",
      "begin" : 326,
      "end" : 335,
      "text" : "September",
      "whiteSpace" : false
    }, {
      "id" : "s7-t8",
      "begin" : 336,
      "end" : 340,
      "text" : "1989",
      "whiteSpace" : false
    }, {
      "id" : "s7-t9",
      "begin" : 341,
      "end" : 344,
      "text" : "Rep",
      "whiteSpace" : false
    }, {
      "id" : "s7-t10",
      "begin" : 344,
      "end" : 345,
      "text" : ":",
      "whiteSpace" : false
    }, {
      "id" : "s7-t11",
      "begin" : 346,
      "end" : 349,
      "text" : "and",
      "whiteSpace" : false
    }, {
      "id" : "s7-t12",
      "begin" : 350,
      "end" : 354,
      "text" : "your",
      "whiteSpace" : false
    }, {
      "id" : "s7-t13",
      "begin" : 355,
      "end" : 360,
      "text" : "email",
      "whiteSpace" : false
    }, {
      "id" : "s7-t14",
      "begin" : 361,
      "end" : 363,
      "text" : "id",
      "whiteSpace" : false
    }, {
      "id" : "s7-t15",
      "begin" : 364,
      "end" : 366,
      "text" : "is",
      "whiteSpace" : false
    }, {
      "id" : "s7-t16",
      "begin" : 366,
      "end" : 367,
      "text" : "?",
      "whiteSpace" : false
    } ]
  }, {
    "id" : "s8",
    "begin" : 368,
    "end" : 433,
    "text" : "Caller: it is anand123@gmail.com\nRep: Thank you for verification.",
    "tokens" : [ {
      "id" : "s8-t0",
      "begin" : 368,
      "end" : 374,
      "text" : "Caller",
      "whiteSpace" : false
    }, {
      "id" : "s8-t1",
      "begin" : 374,
      "end" : 375,
      "text" : ":",
      "whiteSpace" : false
    }, {
      "id" : "s8-t2",
      "begin" : 376,
      "end" : 378,
      "text" : "it",
      "whiteSpace" : false
    }, {
      "id" : "s8-t3",
      "begin" : 379,
      "end" : 381,
      "text" : "is",
      "whiteSpace" : false
    }, {
      "id" : "s8-t4",
      "begin" : 382,
      "end" : 400,
      "text" : "anand123@gmail.com",
      "whiteSpace" : false
    }, {
      "id" : "s8-t5",
      "begin" : 401,
      "end" : 404,
      "text" : "Rep",
      "whiteSpace" : false
    }, {
      "id" : "s8-t6",
      "begin" : 404,
      "end" : 405,
      "text" : ":",
      "whiteSpace" : false
    }, {
      "id" : "s8-t7",
      "begin" : 406,
      "end" : 411,
      "text" : "Thank",
      "whiteSpace" : false
    }, {
      "id" : "s8-t8",
      "begin" : 412,
      "end" : 415,
      "text" : "you",
      "whiteSpace" : false
    }, {
      "id" : "s8-t9",
      "begin" : 416,
      "end" : 419,
      "text" : "for",
      "whiteSpace" : false
    }, {
      "id" : "s8-t10",
      "begin" : 420,
      "end" : 432,
      "text" : "verification",
      "whiteSpace" : false
    }, {
      "id" : "s8-t11",
      "begin" : 432,
      "end" : 433,
      "text" : ".",
      "whiteSpace" : false
    } ]
  }, {
    "id" : "s9",
    "begin" : 434,
    "end" : 462,
    "text" : "Tell me your Aadhaar Number.",
    "tokens" : [ {
      "id" : "s9-t0",
      "begin" : 434,
      "end" : 438,
      "text" : "Tell",
      "whiteSpace" : false
    }, {
      "id" : "s9-t1",
      "begin" : 439,
      "end" : 441,
      "text" : "me",
      "whiteSpace" : false
    }, {
      "id" : "s9-t2",
      "begin" : 442,
      "end" : 446,
      "text" : "your",
      "whiteSpace" : false
    }, {
      "id" : "s9-t3",
      "begin" : 447,
      "end" : 454,
      "text" : "Aadhaar",
      "whiteSpace" : false
    }, {
      "id" : "s9-t4",
      "begin" : 455,
      "end" : 461,
      "text" : "Number",
      "whiteSpace" : false
    }, {
      "id" : "s9-t5",
      "begin" : 461,
      "end" : 462,
      "text" : ".",
      "whiteSpace" : false
    } ]
  }, {
    "id" : "s10",
    "begin" : 463,
    "end" : 564,
    "text" : "Caller: 123412341234\nRep: Ok.. I have raised a service request to add aadhaar number for your number.",
    "tokens" : [ {
      "id" : "s10-t0",
      "begin" : 463,
      "end" : 469,
      "text" : "Caller",
      "whiteSpace" : false
    }, {
      "id" : "s10-t1",
      "begin" : 469,
      "end" : 470,
      "text" : ":",
      "whiteSpace" : false
    }, {
      "id" : "s10-t2",
      "begin" : 471,
      "end" : 483,
      "text" : "123412341234",
      "whiteSpace" : false
    }, {
      "id" : "s10-t3",
      "begin" : 484,
      "end" : 487,
      "text" : "Rep",
      "whiteSpace" : false
    }, {
      "id" : "s10-t4",
      "begin" : 487,
      "end" : 488,
      "text" : ":",
      "whiteSpace" : false
    }, {
      "id" : "s10-t5",
      "begin" : 489,
      "end" : 491,
      "text" : "Ok",
      "whiteSpace" : false
    }, {
      "id" : "s10-t6",
      "begin" : 491,
      "end" : 493,
      "text" : "..",
      "whiteSpace" : false
    }, {
      "id" : "s10-t7",
      "begin" : 494,
      "end" : 495,
      "text" : "I",
      "whiteSpace" : false
    }, {
      "id" : "s10-t8",
      "begin" : 496,
      "end" : 500,
      "text" : "have",
      "whiteSpace" : false
    }, {
      "id" : "s10-t9",
      "begin" : 501,
      "end" : 507,
      "text" : "raised",
      "whiteSpace" : false
    }, {
      "id" : "s10-t10",
      "begin" : 508,
      "end" : 509,
      "text" : "a",
      "whiteSpace" : false
    }, {
      "id" : "s10-t11",
      "begin" : 510,
      "end" : 517,
      "text" : "service",
      "whiteSpace" : false
    }, {
      "id" : "s10-t12",
      "begin" : 518,
      "end" : 525,
      "text" : "request",
      "whiteSpace" : false
    }, {
      "id" : "s10-t13",
      "begin" : 526,
      "end" : 528,
      "text" : "to",
      "whiteSpace" : false
    }, {
      "id" : "s10-t14",
      "begin" : 529,
      "end" : 532,
      "text" : "add",
      "whiteSpace" : false
    }, {
      "id" : "s10-t15",
      "begin" : 533,
      "end" : 540,
      "text" : "aadhaar",
      "whiteSpace" : false
    }, {
      "id" : "s10-t16",
      "begin" : 541,
      "end" : 547,
      "text" : "number",
      "whiteSpace" : false
    }, {
      "id" : "s10-t17",
      "begin" : 548,
      "end" : 551,
      "text" : "for",
      "whiteSpace" : false
    }, {
      "id" : "s10-t18",
      "begin" : 552,
      "end" : 556,
      "text" : "your",
      "whiteSpace" : false
    }, {
      "id" : "s10-t19",
      "begin" : 557,
      "end" : 563,
      "text" : "number",
      "whiteSpace" : false
    }, {
      "id" : "s10-t20",
      "begin" : 563,
      "end" : 564,
      "text" : ".",
      "whiteSpace" : false
    } ]
  }, {
    "id" : "s11",
    "begin" : 565,
    "end" : 599,
    "text" : "You will get an update in 3 hours.",
    "tokens" : [ {
      "id" : "s11-t0",
      "begin" : 565,
      "end" : 568,
      "text" : "You",
      "whiteSpace" : false
    }, {
      "id" : "s11-t1",
      "begin" : 569,
      "end" : 573,
      "text" : "will",
      "whiteSpace" : false
    }, {
      "id" : "s11-t2",
      "begin" : 574,
      "end" : 577,
      "text" : "get",
      "whiteSpace" : false
    }, {
      "id" : "s11-t3",
      "begin" : 578,
      "end" : 580,
      "text" : "an",
      "whiteSpace" : false
    }, {
      "id" : "s11-t4",
      "begin" : 581,
      "end" : 587,
      "text" : "update",
      "whiteSpace" : false
    }, {
      "id" : "s11-t5",
      "begin" : 588,
      "end" : 590,
      "text" : "in",
      "whiteSpace" : false
    }, {
      "id" : "s11-t6",
      "begin" : 591,
      "end" : 592,
      "text" : "3",
      "whiteSpace" : false
    }, {
      "id" : "s11-t7",
      "begin" : 593,
      "end" : 598,
      "text" : "hours",
      "whiteSpace" : false
    }, {
      "id" : "s11-t8",
      "begin" : 598,
      "end" : 599,
      "text" : ".",
      "whiteSpace" : false
    } ]
  }, {
    "id" : "s12",
    "begin" : 600,
    "end" : 692,
    "text" : "Is there anything else that I can help you with\nCaller: No\nRep: Thanks for calling Vodafone.",
    "tokens" : [ {
      "id" : "s12-t0",
      "begin" : 600,
      "end" : 602,
      "text" : "Is",
      "whiteSpace" : false
    }, {
      "id" : "s12-t1",
      "begin" : 603,
      "end" : 608,
      "text" : "there",
      "whiteSpace" : false
    }, {
      "id" : "s12-t2",
      "begin" : 609,
      "end" : 617,
      "text" : "anything",
      "whiteSpace" : false
    }, {
      "id" : "s12-t3",
      "begin" : 618,
      "end" : 622,
      "text" : "else",
      "whiteSpace" : false
    }, {
      "id" : "s12-t4",
      "begin" : 623,
      "end" : 627,
      "text" : "that",
      "whiteSpace" : false
    }, {
      "id" : "s12-t5",
      "begin" : 628,
      "end" : 629,
      "text" : "I",
      "whiteSpace" : false
    }, {
      "id" : "s12-t6",
      "begin" : 630,
      "end" : 633,
      "text" : "can",
      "whiteSpace" : false
    }, {
      "id" : "s12-t7",
      "begin" : 634,
      "end" : 638,
      "text" : "help",
      "whiteSpace" : false
    }, {
      "id" : "s12-t8",
      "begin" : 639,
      "end" : 642,
      "text" : "you",
      "whiteSpace" : false
    }, {
      "id" : "s12-t9",
      "begin" : 643,
      "end" : 647,
      "text" : "with",
      "whiteSpace" : false
    }, {
      "id" : "s12-t10",
      "begin" : 648,
      "end" : 654,
      "text" : "Caller",
      "whiteSpace" : false
    }, {
      "id" : "s12-t11",
      "begin" : 654,
      "end" : 655,
      "text" : ":",
      "whiteSpace" : false
    }, {
      "id" : "s12-t12",
      "begin" : 656,
      "end" : 658,
      "text" : "No",
      "whiteSpace" : false
    }, {
      "id" : "s12-t13",
      "begin" : 659,
      "end" : 662,
      "text" : "Rep",
      "whiteSpace" : false
    }, {
      "id" : "s12-t14",
      "begin" : 662,
      "end" : 663,
      "text" : ":",
      "whiteSpace" : false
    }, {
      "id" : "s12-t15",
      "begin" : 664,
      "end" : 670,
      "text" : "Thanks",
      "whiteSpace" : false
    }, {
      "id" : "s12-t16",
      "begin" : 671,
      "end" : 674,
      "text" : "for",
      "whiteSpace" : false
    }, {
      "id" : "s12-t17",
      "begin" : 675,
      "end" : 682,
      "text" : "calling",
      "whiteSpace" : false
    }, {
      "id" : "s12-t18",
      "begin" : 683,
      "end" : 691,
      "text" : "Vodafone",
      "whiteSpace" : false
    }, {
      "id" : "s12-t19",
      "begin" : 691,
      "end" : 692,
      "text" : ".",
      "whiteSpace" : false
    } ]
  }, {
    "id" : "s13",
    "begin" : 693,
    "end" : 709,
    "text" : "Have a good day.",
    "tokens" : [ {
      "id" : "s13-t0",
      "begin" : 693,
      "end" : 697,
      "text" : "Have",
      "whiteSpace" : false
    }, {
      "id" : "s13-t1",
      "begin" : 698,
      "end" : 699,
      "text" : "a",
      "whiteSpace" : false
    }, {
      "id" : "s13-t2",
      "begin" : 700,
      "end" : 704,
      "text" : "good",
      "whiteSpace" : false
    }, {
      "id" : "s13-t3",
      "begin" : 705,
      "end" : 708,
      "text" : "day",
      "whiteSpace" : false
    }, {
      "id" : "s13-t4",
      "begin" : 708,
      "end" : 709,
      "text" : ".",
      "whiteSpace" : false
    } ]
  } ],
  "mentions" : [ {
    "id" : "s2-m1",
    "properties" : {
      "SIRE_MENTION_ROLE" : "Name",
      "SIRE_ENTITY_SUBTYPE" : "NONE",
      "SIRE_MENTION_TYPE" : "NONE",
      "SIRE_MENTION_CLASS" : "SPC"
    },
    "type" : "Name",
    "begin" : 56,
    "end" : 61,
    "inCoref" : false
  }, {
    "id" : "s6-m1",
    "properties" : {
      "SIRE_MENTION_ROLE" : "MobileNo",
      "SIRE_ENTITY_SUBTYPE" : "NONE",
      "SIRE_MENTION_TYPE" : "NONE",
      "SIRE_MENTION_CLASS" : "SPC"
    },
    "type" : "MobileNo",
    "begin" : 207,
    "end" : 216,
    "inCoref" : false
  }, {
    "id" : "s7-m1",
    "properties" : {
      "SIRE_MENTION_ROLE" : "DOB",
      "SIRE_ENTITY_SUBTYPE" : "NONE",
      "SIRE_MENTION_TYPE" : "NONE",
      "SIRE_MENTION_CLASS" : "SPC"
    },
    "type" : "DOB",
    "begin" : 321,
    "end" : 340,
    "inCoref" : false
  }, {
    "id" : "s8-m1",
    "properties" : {
      "SIRE_MENTION_ROLE" : "EmailId",
      "SIRE_ENTITY_SUBTYPE" : "NONE",
      "SIRE_MENTION_TYPE" : "NONE",
      "SIRE_MENTION_CLASS" : "SPC"
    },
    "type" : "EmailId",
    "begin" : 382,
    "end" : 400,
    "inCoref" : false
  } ],
  "relations" : [ ],
  "corefs" : [ ],
  "typeResolved" : true,
  "userResolved" : false
}