{
  "id" : "b39fdf60-bd4d-11e7-af2d-855b67e2d9c7-0",
  "name" : "Chat001.txt",
  "createdDate" : 1509352708182,
  "version" : 3,
  "text" : "Rep: This is Thomas. How can I help you?\nCaller: This is Alex. I want to change my plan to corporate plan\nRep: Sure, I can help you. Do you want to change the plan for the number from which you are calling now?\nCaller: yes\nRep: For verification purpose may I know your date of birth and email id\nCaller: My data of birth is 10-Aug-1979 and my email id is alex@gmail.com\nRep: Which plan do you want to migrate to\nCaller: Plan 450 unlimited\nRep: Can I have your company name and date of joining\nCaller: I work for IBM and doj 01-Feb-99\nRep: Ok.. I have taken your request to migrate plan to 450 unlimited. You will get an update in 3 hours. Is there anything else that I can help you with\nCaller: No\nRep: Thanks for calling Vodaphone. Have a good day.\nCaller: you too\n",
  "docLength" : 0,
  "language" : "EN",
  "status" : "IN_PROGRESS",
  "modifiedDate" : 1578337266712,
  "documentSet" : [ ],
  "preannotation" : [ ],
  "sentences" : [ {
    "id" : "s0",
    "begin" : 0,
    "end" : 20,
    "text" : "Rep: This is Thomas.",
    "tokens" : [ {
      "id" : "s0-t0",
      "begin" : 0,
      "end" : 3,
      "text" : "Rep",
      "whiteSpace" : false
    }, {
      "id" : "s0-t1",
      "begin" : 3,
      "end" : 4,
      "text" : ":",
      "whiteSpace" : false
    }, {
      "id" : "s0-t2",
      "begin" : 5,
      "end" : 9,
      "text" : "This",
      "whiteSpace" : false
    }, {
      "id" : "s0-t3",
      "begin" : 10,
      "end" : 12,
      "text" : "is",
      "whiteSpace" : false
    }, {
      "id" : "s0-t4",
      "begin" : 13,
      "end" : 19,
      "text" : "Thomas",
      "whiteSpace" : false
    }, {
      "id" : "s0-t5",
      "begin" : 19,
      "end" : 20,
      "text" : ".",
      "whiteSpace" : false
    } ]
  }, {
    "id" : "s1",
    "begin" : 21,
    "end" : 40,
    "text" : "How can I help you?",
    "tokens" : [ {
      "id" : "s1-t0",
      "begin" : 21,
      "end" : 24,
      "text" : "How",
      "whiteSpace" : false
    }, {
      "id" : "s1-t1",
      "begin" : 25,
      "end" : 28,
      "text" : "can",
      "whiteSpace" : false
    }, {
      "id" : "s1-t2",
      "begin" : 29,
      "end" : 30,
      "text" : "I",
      "whiteSpace" : false
    }, {
      "id" : "s1-t3",
      "begin" : 31,
      "end" : 35,
      "text" : "help",
      "whiteSpace" : false
    }, {
      "id" : "s1-t4",
      "begin" : 36,
      "end" : 39,
      "text" : "you",
      "whiteSpace" : false
    }, {
      "id" : "s1-t5",
      "begin" : 39,
      "end" : 40,
      "text" : "?",
      "whiteSpace" : false
    } ]
  }, {
    "id" : "s2",
    "begin" : 41,
    "end" : 62,
    "text" : "Caller: This is Alex.",
    "tokens" : [ {
      "id" : "s2-t0",
      "begin" : 41,
      "end" : 47,
      "text" : "Caller",
      "whiteSpace" : false
    }, {
      "id" : "s2-t1",
      "begin" : 47,
      "end" : 48,
      "text" : ":",
      "whiteSpace" : false
    }, {
      "id" : "s2-t2",
      "begin" : 49,
      "end" : 53,
      "text" : "This",
      "whiteSpace" : false
    }, {
      "id" : "s2-t3",
      "begin" : 54,
      "end" : 56,
      "text" : "is",
      "whiteSpace" : false
    }, {
      "id" : "s2-t4",
      "begin" : 57,
      "end" : 61,
      "text" : "Alex",
      "whiteSpace" : false
    }, {
      "id" : "s2-t5",
      "begin" : 61,
      "end" : 62,
      "text" : ".",
      "whiteSpace" : false
    } ]
  }, {
    "id" : "s3",
    "begin" : 63,
    "end" : 132,
    "text" : "I want to change my plan to corporate plan\nRep: Sure, I can help you.",
    "tokens" : [ {
      "id" : "s3-t0",
      "begin" : 63,
      "end" : 64,
      "text" : "I",
      "whiteSpace" : false
    }, {
      "id" : "s3-t1",
      "begin" : 65,
      "end" : 69,
      "text" : "want",
      "whiteSpace" : false
    }, {
      "id" : "s3-t2",
      "begin" : 70,
      "end" : 72,
      "text" : "to",
      "whiteSpace" : false
    }, {
      "id" : "s3-t3",
      "begin" : 73,
      "end" : 79,
      "text" : "change",
      "whiteSpace" : false
    }, {
      "id" : "s3-t4",
      "begin" : 80,
      "end" : 82,
      "text" : "my",
      "whiteSpace" : false
    }, {
      "id" : "s3-t5",
      "begin" : 83,
      "end" : 87,
      "text" : "plan",
      "whiteSpace" : false
    }, {
      "id" : "s3-t6",
      "begin" : 88,
      "end" : 90,
      "text" : "to",
      "whiteSpace" : false
    }, {
      "id" : "s3-t7",
      "begin" : 91,
      "end" : 100,
      "text" : "corporate",
      "whiteSpace" : false
    }, {
      "id" : "s3-t8",
      "begin" : 101,
      "end" : 105,
      "text" : "plan",
      "whiteSpace" : false
    }, {
      "id" : "s3-t9",
      "begin" : 106,
      "end" : 109,
      "text" : "Rep",
      "whiteSpace" : false
    }, {
      "id" : "s3-t10",
      "begin" : 109,
      "end" : 110,
      "text" : ":",
      "whiteSpace" : false
    }, {
      "id" : "s3-t11",
      "begin" : 111,
      "end" : 115,
      "text" : "Sure",
      "whiteSpace" : false
    }, {
      "id" : "s3-t12",
      "begin" : 115,
      "end" : 116,
      "text" : ",",
      "whiteSpace" : false
    }, {
      "id" : "s3-t13",
      "begin" : 117,
      "end" : 118,
      "text" : "I",
      "whiteSpace" : false
    }, {
      "id" : "s3-t14",
      "begin" : 119,
      "end" : 122,
      "text" : "can",
      "whiteSpace" : false
    }, {
      "id" : "s3-t15",
      "begin" : 123,
      "end" : 127,
      "text" : "help",
      "whiteSpace" : false
    }, {
      "id" : "s3-t16",
      "begin" : 128,
      "end" : 131,
      "text" : "you",
      "whiteSpace" : false
    }, {
      "id" : "s3-t17",
      "begin" : 131,
      "end" : 132,
      "text" : ".",
      "whiteSpace" : false
    } ]
  }, {
    "id" : "s4",
    "begin" : 133,
    "end" : 210,
    "text" : "Do you want to change the plan for the number from which you are calling now?",
    "tokens" : [ {
      "id" : "s4-t0",
      "begin" : 133,
      "end" : 135,
      "text" : "Do",
      "whiteSpace" : false
    }, {
      "id" : "s4-t1",
      "begin" : 136,
      "end" : 139,
      "text" : "you",
      "whiteSpace" : false
    }, {
      "id" : "s4-t2",
      "begin" : 140,
      "end" : 144,
      "text" : "want",
      "whiteSpace" : false
    }, {
      "id" : "s4-t3",
      "begin" : 145,
      "end" : 147,
      "text" : "to",
      "whiteSpace" : false
    }, {
      "id" : "s4-t4",
      "begin" : 148,
      "end" : 154,
      "text" : "change",
      "whiteSpace" : false
    }, {
      "id" : "s4-t5",
      "begin" : 155,
      "end" : 158,
      "text" : "the",
      "whiteSpace" : false
    }, {
      "id" : "s4-t6",
      "begin" : 159,
      "end" : 163,
      "text" : "plan",
      "whiteSpace" : false
    }, {
      "id" : "s4-t7",
      "begin" : 164,
      "end" : 167,
      "text" : "for",
      "whiteSpace" : false
    }, {
      "id" : "s4-t8",
      "begin" : 168,
      "end" : 171,
      "text" : "the",
      "whiteSpace" : false
    }, {
      "id" : "s4-t9",
      "begin" : 172,
      "end" : 178,
      "text" : "number",
      "whiteSpace" : false
    }, {
      "id" : "s4-t10",
      "begin" : 179,
      "end" : 183,
      "text" : "from",
      "whiteSpace" : false
    }, {
      "id" : "s4-t11",
      "begin" : 184,
      "end" : 189,
      "text" : "which",
      "whiteSpace" : false
    }, {
      "id" : "s4-t12",
      "begin" : 190,
      "end" : 193,
      "text" : "you",
      "whiteSpace" : false
    }, {
      "id" : "s4-t13",
      "begin" : 194,
      "end" : 197,
      "text" : "are",
      "whiteSpace" : false
    }, {
      "id" : "s4-t14",
      "begin" : 198,
      "end" : 205,
      "text" : "calling",
      "whiteSpace" : false
    }, {
      "id" : "s4-t15",
      "begin" : 206,
      "end" : 209,
      "text" : "now",
      "whiteSpace" : false
    }, {
      "id" : "s4-t16",
      "begin" : 209,
      "end" : 210,
      "text" : "?",
      "whiteSpace" : false
    } ]
  }, {
    "id" : "s5",
    "begin" : 211,
    "end" : 603,
    "text" : "Caller: yes\nRep: For verification purpose may I know your date of birth and email id\nCaller: My data of birth is 10-Aug-1979 and my email id is alex@gmail.com\nRep: Which plan do you want to migrate to\nCaller: Plan 450 unlimited\nRep: Can I have your company name and date of joining\nCaller: I work for IBM and doj 01-Feb-99\nRep: Ok.. I have taken your request to migrate plan to 450 unlimited.",
    "tokens" : [ {
      "id" : "s5-t0",
      "begin" : 211,
      "end" : 217,
      "text" : "Caller",
      "whiteSpace" : false
    }, {
      "id" : "s5-t1",
      "begin" : 217,
      "end" : 218,
      "text" : ":",
      "whiteSpace" : false
    }, {
      "id" : "s5-t2",
      "begin" : 219,
      "end" : 222,
      "text" : "yes",
      "whiteSpace" : false
    }, {
      "id" : "s5-t3",
      "begin" : 223,
      "end" : 226,
      "text" : "Rep",
      "whiteSpace" : false
    }, {
      "id" : "s5-t4",
      "begin" : 226,
      "end" : 227,
      "text" : ":",
      "whiteSpace" : false
    }, {
      "id" : "s5-t5",
      "begin" : 228,
      "end" : 231,
      "text" : "For",
      "whiteSpace" : false
    }, {
      "id" : "s5-t6",
      "begin" : 232,
      "end" : 244,
      "text" : "verification",
      "whiteSpace" : false
    }, {
      "id" : "s5-t7",
      "begin" : 245,
      "end" : 252,
      "text" : "purpose",
      "whiteSpace" : false
    }, {
      "id" : "s5-t8",
      "begin" : 253,
      "end" : 256,
      "text" : "may",
      "whiteSpace" : false
    }, {
      "id" : "s5-t9",
      "begin" : 257,
      "end" : 258,
      "text" : "I",
      "whiteSpace" : false
    }, {
      "id" : "s5-t10",
      "begin" : 259,
      "end" : 263,
      "text" : "know",
      "whiteSpace" : false
    }, {
      "id" : "s5-t11",
      "begin" : 264,
      "end" : 268,
      "text" : "your",
      "whiteSpace" : false
    }, {
      "id" : "s5-t12",
      "begin" : 269,
      "end" : 273,
      "text" : "date",
      "whiteSpace" : false
    }, {
      "id" : "s5-t13",
      "begin" : 274,
      "end" : 276,
      "text" : "of",
      "whiteSpace" : false
    }, {
      "id" : "s5-t14",
      "begin" : 277,
      "end" : 282,
      "text" : "birth",
      "whiteSpace" : false
    }, {
      "id" : "s5-t15",
      "begin" : 283,
      "end" : 286,
      "text" : "and",
      "whiteSpace" : false
    }, {
      "id" : "s5-t16",
      "begin" : 287,
      "end" : 292,
      "text" : "email",
      "whiteSpace" : false
    }, {
      "id" : "s5-t17",
      "begin" : 293,
      "end" : 295,
      "text" : "id",
      "whiteSpace" : false
    }, {
      "id" : "s5-t18",
      "begin" : 296,
      "end" : 302,
      "text" : "Caller",
      "whiteSpace" : false
    }, {
      "id" : "s5-t19",
      "begin" : 302,
      "end" : 303,
      "text" : ":",
      "whiteSpace" : false
    }, {
      "id" : "s5-t20",
      "begin" : 304,
      "end" : 306,
      "text" : "My",
      "whiteSpace" : false
    }, {
      "id" : "s5-t21",
      "begin" : 307,
      "end" : 311,
      "text" : "data",
      "whiteSpace" : false
    }, {
      "id" : "s5-t22",
      "begin" : 312,
      "end" : 314,
      "text" : "of",
      "whiteSpace" : false
    }, {
      "id" : "s5-t23",
      "begin" : 315,
      "end" : 320,
      "text" : "birth",
      "whiteSpace" : false
    }, {
      "id" : "s5-t24",
      "begin" : 321,
      "end" : 323,
      "text" : "is",
      "whiteSpace" : false
    }, {
      "id" : "s5-t25",
      "begin" : 324,
      "end" : 330,
      "text" : "10-Aug",
      "whiteSpace" : false
    }, {
      "id" : "s5-t26",
      "begin" : 330,
      "end" : 331,
      "text" : "-",
      "whiteSpace" : false
    }, {
      "id" : "s5-t27",
      "begin" : 331,
      "end" : 335,
      "text" : "1979",
      "whiteSpace" : false
    }, {
      "id" : "s5-t28",
      "begin" : 336,
      "end" : 339,
      "text" : "and",
      "whiteSpace" : false
    }, {
      "id" : "s5-t29",
      "begin" : 340,
      "end" : 342,
      "text" : "my",
      "whiteSpace" : false
    }, {
      "id" : "s5-t30",
      "begin" : 343,
      "end" : 348,
      "text" : "email",
      "whiteSpace" : false
    }, {
      "id" : "s5-t31",
      "begin" : 349,
      "end" : 351,
      "text" : "id",
      "whiteSpace" : false
    }, {
      "id" : "s5-t32",
      "begin" : 352,
      "end" : 354,
      "text" : "is",
      "whiteSpace" : false
    }, {
      "id" : "s5-t33",
      "begin" : 355,
      "end" : 369,
      "text" : "alex@gmail.com",
      "whiteSpace" : false
    }, {
      "id" : "s5-t34",
      "begin" : 370,
      "end" : 373,
      "text" : "Rep",
      "whiteSpace" : false
    }, {
      "id" : "s5-t35",
      "begin" : 373,
      "end" : 374,
      "text" : ":",
      "whiteSpace" : false
    }, {
      "id" : "s5-t36",
      "begin" : 375,
      "end" : 380,
      "text" : "Which",
      "whiteSpace" : false
    }, {
      "id" : "s5-t37",
      "begin" : 381,
      "end" : 385,
      "text" : "plan",
      "whiteSpace" : false
    }, {
      "id" : "s5-t38",
      "begin" : 386,
      "end" : 388,
      "text" : "do",
      "whiteSpace" : false
    }, {
      "id" : "s5-t39",
      "begin" : 389,
      "end" : 392,
      "text" : "you",
      "whiteSpace" : false
    }, {
      "id" : "s5-t40",
      "begin" : 393,
      "end" : 397,
      "text" : "want",
      "whiteSpace" : false
    }, {
      "id" : "s5-t41",
      "begin" : 398,
      "end" : 400,
      "text" : "to",
      "whiteSpace" : false
    }, {
      "id" : "s5-t42",
      "begin" : 401,
      "end" : 408,
      "text" : "migrate",
      "whiteSpace" : false
    }, {
      "id" : "s5-t43",
      "begin" : 409,
      "end" : 411,
      "text" : "to",
      "whiteSpace" : false
    }, {
      "id" : "s5-t44",
      "begin" : 412,
      "end" : 418,
      "text" : "Caller",
      "whiteSpace" : false
    }, {
      "id" : "s5-t45",
      "begin" : 418,
      "end" : 419,
      "text" : ":",
      "whiteSpace" : false
    }, {
      "id" : "s5-t46",
      "begin" : 420,
      "end" : 424,
      "text" : "Plan",
      "whiteSpace" : false
    }, {
      "id" : "s5-t47",
      "begin" : 425,
      "end" : 428,
      "text" : "450",
      "whiteSpace" : false
    }, {
      "id" : "s5-t48",
      "begin" : 429,
      "end" : 438,
      "text" : "unlimited",
      "whiteSpace" : false
    }, {
      "id" : "s5-t49",
      "begin" : 439,
      "end" : 442,
      "text" : "Rep",
      "whiteSpace" : false
    }, {
      "id" : "s5-t50",
      "begin" : 442,
      "end" : 443,
      "text" : ":",
      "whiteSpace" : false
    }, {
      "id" : "s5-t51",
      "begin" : 444,
      "end" : 447,
      "text" : "Can",
      "whiteSpace" : false
    }, {
      "id" : "s5-t52",
      "begin" : 448,
      "end" : 449,
      "text" : "I",
      "whiteSpace" : false
    }, {
      "id" : "s5-t53",
      "begin" : 450,
      "end" : 454,
      "text" : "have",
      "whiteSpace" : false
    }, {
      "id" : "s5-t54",
      "begin" : 455,
      "end" : 459,
      "text" : "your",
      "whiteSpace" : false
    }, {
      "id" : "s5-t55",
      "begin" : 460,
      "end" : 467,
      "text" : "company",
      "whiteSpace" : false
    }, {
      "id" : "s5-t56",
      "begin" : 468,
      "end" : 472,
      "text" : "name",
      "whiteSpace" : false
    }, {
      "id" : "s5-t57",
      "begin" : 473,
      "end" : 476,
      "text" : "and",
      "whiteSpace" : false
    }, {
      "id" : "s5-t58",
      "begin" : 477,
      "end" : 481,
      "text" : "date",
      "whiteSpace" : false
    }, {
      "id" : "s5-t59",
      "begin" : 482,
      "end" : 484,
      "text" : "of",
      "whiteSpace" : false
    }, {
      "id" : "s5-t60",
      "begin" : 485,
      "end" : 492,
      "text" : "joining",
      "whiteSpace" : false
    }, {
      "id" : "s5-t61",
      "begin" : 493,
      "end" : 499,
      "text" : "Caller",
      "whiteSpace" : false
    }, {
      "id" : "s5-t62",
      "begin" : 499,
      "end" : 500,
      "text" : ":",
      "whiteSpace" : false
    }, {
      "id" : "s5-t63",
      "begin" : 501,
      "end" : 502,
      "text" : "I",
      "whiteSpace" : false
    }, {
      "id" : "s5-t64",
      "begin" : 503,
      "end" : 507,
      "text" : "work",
      "whiteSpace" : false
    }, {
      "id" : "s5-t65",
      "begin" : 508,
      "end" : 511,
      "text" : "for",
      "whiteSpace" : false
    }, {
      "id" : "s5-t66",
      "begin" : 512,
      "end" : 515,
      "text" : "IBM",
      "whiteSpace" : false
    }, {
      "id" : "s5-t67",
      "begin" : 516,
      "end" : 519,
      "text" : "and",
      "whiteSpace" : false
    }, {
      "id" : "s5-t68",
      "begin" : 520,
      "end" : 523,
      "text" : "doj",
      "whiteSpace" : false
    }, {
      "id" : "s5-t69",
      "begin" : 524,
      "end" : 530,
      "text" : "01-Feb",
      "whiteSpace" : false
    }, {
      "id" : "s5-t70",
      "begin" : 530,
      "end" : 531,
      "text" : "-",
      "whiteSpace" : false
    }, {
      "id" : "s5-t71",
      "begin" : 531,
      "end" : 533,
      "text" : "99",
      "whiteSpace" : false
    }, {
      "id" : "s5-t72",
      "begin" : 534,
      "end" : 537,
      "text" : "Rep",
      "whiteSpace" : false
    }, {
      "id" : "s5-t73",
      "begin" : 537,
      "end" : 538,
      "text" : ":",
      "whiteSpace" : false
    }, {
      "id" : "s5-t74",
      "begin" : 539,
      "end" : 541,
      "text" : "Ok",
      "whiteSpace" : false
    }, {
      "id" : "s5-t75",
      "begin" : 541,
      "end" : 543,
      "text" : "..",
      "whiteSpace" : false
    }, {
      "id" : "s5-t76",
      "begin" : 544,
      "end" : 545,
      "text" : "I",
      "whiteSpace" : false
    }, {
      "id" : "s5-t77",
      "begin" : 546,
      "end" : 550,
      "text" : "have",
      "whiteSpace" : false
    }, {
      "id" : "s5-t78",
      "begin" : 551,
      "end" : 556,
      "text" : "taken",
      "whiteSpace" : false
    }, {
      "id" : "s5-t79",
      "begin" : 557,
      "end" : 561,
      "text" : "your",
      "whiteSpace" : false
    }, {
      "id" : "s5-t80",
      "begin" : 562,
      "end" : 569,
      "text" : "request",
      "whiteSpace" : false
    }, {
      "id" : "s5-t81",
      "begin" : 570,
      "end" : 572,
      "text" : "to",
      "whiteSpace" : false
    }, {
      "id" : "s5-t82",
      "begin" : 573,
      "end" : 580,
      "text" : "migrate",
      "whiteSpace" : false
    }, {
      "id" : "s5-t83",
      "begin" : 581,
      "end" : 585,
      "text" : "plan",
      "whiteSpace" : false
    }, {
      "id" : "s5-t84",
      "begin" : 586,
      "end" : 588,
      "text" : "to",
      "whiteSpace" : false
    }, {
      "id" : "s5-t85",
      "begin" : 589,
      "end" : 592,
      "text" : "450",
      "whiteSpace" : false
    }, {
      "id" : "s5-t86",
      "begin" : 593,
      "end" : 602,
      "text" : "unlimited",
      "whiteSpace" : false
    }, {
      "id" : "s5-t87",
      "begin" : 602,
      "end" : 603,
      "text" : ".",
      "whiteSpace" : false
    } ]
  }, {
    "id" : "s6",
    "begin" : 604,
    "end" : 638,
    "text" : "You will get an update in 3 hours.",
    "tokens" : [ {
      "id" : "s6-t0",
      "begin" : 604,
      "end" : 607,
      "text" : "You",
      "whiteSpace" : false
    }, {
      "id" : "s6-t1",
      "begin" : 608,
      "end" : 612,
      "text" : "will",
      "whiteSpace" : false
    }, {
      "id" : "s6-t2",
      "begin" : 613,
      "end" : 616,
      "text" : "get",
      "whiteSpace" : false
    }, {
      "id" : "s6-t3",
      "begin" : 617,
      "end" : 619,
      "text" : "an",
      "whiteSpace" : false
    }, {
      "id" : "s6-t4",
      "begin" : 620,
      "end" : 626,
      "text" : "update",
      "whiteSpace" : false
    }, {
      "id" : "s6-t5",
      "begin" : 627,
      "end" : 629,
      "text" : "in",
      "whiteSpace" : false
    }, {
      "id" : "s6-t6",
      "begin" : 630,
      "end" : 631,
      "text" : "3",
      "whiteSpace" : false
    }, {
      "id" : "s6-t7",
      "begin" : 632,
      "end" : 637,
      "text" : "hours",
      "whiteSpace" : false
    }, {
      "id" : "s6-t8",
      "begin" : 637,
      "end" : 638,
      "text" : ".",
      "whiteSpace" : false
    } ]
  }, {
    "id" : "s7",
    "begin" : 639,
    "end" : 732,
    "text" : "Is there anything else that I can help you with\nCaller: No\nRep: Thanks for calling Vodaphone.",
    "tokens" : [ {
      "id" : "s7-t0",
      "begin" : 639,
      "end" : 641,
      "text" : "Is",
      "whiteSpace" : false
    }, {
      "id" : "s7-t1",
      "begin" : 642,
      "end" : 647,
      "text" : "there",
      "whiteSpace" : false
    }, {
      "id" : "s7-t2",
      "begin" : 648,
      "end" : 656,
      "text" : "anything",
      "whiteSpace" : false
    }, {
      "id" : "s7-t3",
      "begin" : 657,
      "end" : 661,
      "text" : "else",
      "whiteSpace" : false
    }, {
      "id" : "s7-t4",
      "begin" : 662,
      "end" : 666,
      "text" : "that",
      "whiteSpace" : false
    }, {
      "id" : "s7-t5",
      "begin" : 667,
      "end" : 668,
      "text" : "I",
      "whiteSpace" : false
    }, {
      "id" : "s7-t6",
      "begin" : 669,
      "end" : 672,
      "text" : "can",
      "whiteSpace" : false
    }, {
      "id" : "s7-t7",
      "begin" : 673,
      "end" : 677,
      "text" : "help",
      "whiteSpace" : false
    }, {
      "id" : "s7-t8",
      "begin" : 678,
      "end" : 681,
      "text" : "you",
      "whiteSpace" : false
    }, {
      "id" : "s7-t9",
      "begin" : 682,
      "end" : 686,
      "text" : "with",
      "whiteSpace" : false
    }, {
      "id" : "s7-t10",
      "begin" : 687,
      "end" : 693,
      "text" : "Caller",
      "whiteSpace" : false
    }, {
      "id" : "s7-t11",
      "begin" : 693,
      "end" : 694,
      "text" : ":",
      "whiteSpace" : false
    }, {
      "id" : "s7-t12",
      "begin" : 695,
      "end" : 697,
      "text" : "No",
      "whiteSpace" : false
    }, {
      "id" : "s7-t13",
      "begin" : 698,
      "end" : 701,
      "text" : "Rep",
      "whiteSpace" : false
    }, {
      "id" : "s7-t14",
      "begin" : 701,
      "end" : 702,
      "text" : ":",
      "whiteSpace" : false
    }, {
      "id" : "s7-t15",
      "begin" : 703,
      "end" : 709,
      "text" : "Thanks",
      "whiteSpace" : false
    }, {
      "id" : "s7-t16",
      "begin" : 710,
      "end" : 713,
      "text" : "for",
      "whiteSpace" : false
    }, {
      "id" : "s7-t17",
      "begin" : 714,
      "end" : 721,
      "text" : "calling",
      "whiteSpace" : false
    }, {
      "id" : "s7-t18",
      "begin" : 722,
      "end" : 731,
      "text" : "Vodaphone",
      "whiteSpace" : false
    }, {
      "id" : "s7-t19",
      "begin" : 731,
      "end" : 732,
      "text" : ".",
      "whiteSpace" : false
    } ]
  }, {
    "id" : "s8",
    "begin" : 733,
    "end" : 749,
    "text" : "Have a good day.",
    "tokens" : [ {
      "id" : "s8-t0",
      "begin" : 733,
      "end" : 737,
      "text" : "Have",
      "whiteSpace" : false
    }, {
      "id" : "s8-t1",
      "begin" : 738,
      "end" : 739,
      "text" : "a",
      "whiteSpace" : false
    }, {
      "id" : "s8-t2",
      "begin" : 740,
      "end" : 744,
      "text" : "good",
      "whiteSpace" : false
    }, {
      "id" : "s8-t3",
      "begin" : 745,
      "end" : 748,
      "text" : "day",
      "whiteSpace" : false
    }, {
      "id" : "s8-t4",
      "begin" : 748,
      "end" : 749,
      "text" : ".",
      "whiteSpace" : false
    } ]
  }, {
    "id" : "s9",
    "begin" : 750,
    "end" : 765,
    "text" : "Caller: you too",
    "tokens" : [ {
      "id" : "s9-t0",
      "begin" : 750,
      "end" : 756,
      "text" : "Caller",
      "whiteSpace" : false
    }, {
      "id" : "s9-t1",
      "begin" : 756,
      "end" : 757,
      "text" : ":",
      "whiteSpace" : false
    }, {
      "id" : "s9-t2",
      "begin" : 758,
      "end" : 761,
      "text" : "you",
      "whiteSpace" : false
    }, {
      "id" : "s9-t3",
      "begin" : 762,
      "end" : 765,
      "text" : "too",
      "whiteSpace" : false
    } ]
  } ],
  "mentions" : [ {
    "id" : "s2-m1",
    "properties" : {
      "SIRE_MENTION_ROLE" : "Name",
      "SIRE_ENTITY_SUBTYPE" : "NONE",
      "SIRE_MENTION_TYPE" : "NONE",
      "SIRE_MENTION_CLASS" : "SPC"
    },
    "type" : "Name",
    "begin" : 57,
    "end" : 61,
    "inCoref" : false
  }, {
    "id" : "s5-m1",
    "properties" : {
      "SIRE_MENTION_ROLE" : "DOB",
      "SIRE_ENTITY_SUBTYPE" : "NONE",
      "SIRE_MENTION_TYPE" : "NONE",
      "SIRE_MENTION_CLASS" : "SPC"
    },
    "type" : "DOB",
    "begin" : 324,
    "end" : 335,
    "inCoref" : false
  }, {
    "id" : "s5-m2",
    "properties" : {
      "SIRE_MENTION_ROLE" : "EmailId",
      "SIRE_ENTITY_SUBTYPE" : "NONE",
      "SIRE_MENTION_TYPE" : "NONE",
      "SIRE_MENTION_CLASS" : "SPC"
    },
    "type" : "EmailId",
    "begin" : 355,
    "end" : 369,
    "inCoref" : false
  }, {
    "id" : "s5-m3",
    "properties" : {
      "SIRE_MENTION_ROLE" : "Company",
      "SIRE_ENTITY_SUBTYPE" : "NONE",
      "SIRE_MENTION_TYPE" : "NONE",
      "SIRE_MENTION_CLASS" : "SPC"
    },
    "type" : "Company",
    "begin" : 512,
    "end" : 515,
    "inCoref" : false
  }, {
    "id" : "s5-m4",
    "properties" : {
      "SIRE_MENTION_ROLE" : "DOJ",
      "SIRE_ENTITY_SUBTYPE" : "NONE",
      "SIRE_MENTION_TYPE" : "NONE",
      "SIRE_MENTION_CLASS" : "SPC"
    },
    "type" : "DOJ",
    "begin" : 524,
    "end" : 533,
    "inCoref" : false
  } ],
  "relations" : [ ],
  "corefs" : [ ],
  "typeResolved" : true,
  "userResolved" : false
}