{
  "id" : "b39fdf60-bd4d-11e7-af2d-855b67e2d9c7-6",
  "name" : "Chat007.txt",
  "createdDate" : 1509352708182,
  "version" : 3,
  "text" : "Rep: This is Priya. How can I help you?\nCaller: This is Anand. I want to change my plan to corporate plan\nRep: Sure, I can help you. Do you want to change the plan for the number from which you are calling now?\nCaller: yes\nRep: For verification purpose may I know your date of birth and email id\nCaller: My data of birth is 10th August 1979 and my email id is anand@gmail.com\nRep: Which plan do you want to migrate to\nCaller: Plan 450 unlimited\nRep: Can I have your company name and employee id\nCaller: I work for IBM and my employee id is 12345\nRep: Ok.. I have taken your request to migrate plan to 450 unlimited. You will get an update in 3 hours. Is there anything else that I can help you with\nCaller: No\nRep: Thanks for calling Vodaphone. Have a good day.\nCaller: you too\n",
  "docLength" : 0,
  "language" : "EN",
  "status" : "IN_PROGRESS",
  "modifiedDate" : 1578338597118,
  "documentSet" : [ ],
  "preannotation" : [ ],
  "sentences" : [ {
    "id" : "s0",
    "begin" : 0,
    "end" : 19,
    "text" : "Rep: This is Priya.",
    "tokens" : [ {
      "id" : "s0-t0",
      "begin" : 0,
      "end" : 3,
      "text" : "Rep",
      "whiteSpace" : false
    }, {
      "id" : "s0-t1",
      "begin" : 3,
      "end" : 4,
      "text" : ":",
      "whiteSpace" : false
    }, {
      "id" : "s0-t2",
      "begin" : 5,
      "end" : 9,
      "text" : "This",
      "whiteSpace" : false
    }, {
      "id" : "s0-t3",
      "begin" : 10,
      "end" : 12,
      "text" : "is",
      "whiteSpace" : false
    }, {
      "id" : "s0-t4",
      "begin" : 13,
      "end" : 18,
      "text" : "Priya",
      "whiteSpace" : false
    }, {
      "id" : "s0-t5",
      "begin" : 18,
      "end" : 19,
      "text" : ".",
      "whiteSpace" : false
    } ]
  }, {
    "id" : "s1",
    "begin" : 20,
    "end" : 39,
    "text" : "How can I help you?",
    "tokens" : [ {
      "id" : "s1-t0",
      "begin" : 20,
      "end" : 23,
      "text" : "How",
      "whiteSpace" : false
    }, {
      "id" : "s1-t1",
      "begin" : 24,
      "end" : 27,
      "text" : "can",
      "whiteSpace" : false
    }, {
      "id" : "s1-t2",
      "begin" : 28,
      "end" : 29,
      "text" : "I",
      "whiteSpace" : false
    }, {
      "id" : "s1-t3",
      "begin" : 30,
      "end" : 34,
      "text" : "help",
      "whiteSpace" : false
    }, {
      "id" : "s1-t4",
      "begin" : 35,
      "end" : 38,
      "text" : "you",
      "whiteSpace" : false
    }, {
      "id" : "s1-t5",
      "begin" : 38,
      "end" : 39,
      "text" : "?",
      "whiteSpace" : false
    } ]
  }, {
    "id" : "s2",
    "begin" : 40,
    "end" : 62,
    "text" : "Caller: This is Anand.",
    "tokens" : [ {
      "id" : "s2-t0",
      "begin" : 40,
      "end" : 46,
      "text" : "Caller",
      "whiteSpace" : false
    }, {
      "id" : "s2-t1",
      "begin" : 46,
      "end" : 47,
      "text" : ":",
      "whiteSpace" : false
    }, {
      "id" : "s2-t2",
      "begin" : 48,
      "end" : 52,
      "text" : "This",
      "whiteSpace" : false
    }, {
      "id" : "s2-t3",
      "begin" : 53,
      "end" : 55,
      "text" : "is",
      "whiteSpace" : false
    }, {
      "id" : "s2-t4",
      "begin" : 56,
      "end" : 61,
      "text" : "Anand",
      "whiteSpace" : false
    }, {
      "id" : "s2-t5",
      "begin" : 61,
      "end" : 62,
      "text" : ".",
      "whiteSpace" : false
    } ]
  }, {
    "id" : "s3",
    "begin" : 63,
    "end" : 132,
    "text" : "I want to change my plan to corporate plan\nRep: Sure, I can help you.",
    "tokens" : [ {
      "id" : "s3-t0",
      "begin" : 63,
      "end" : 64,
      "text" : "I",
      "whiteSpace" : false
    }, {
      "id" : "s3-t1",
      "begin" : 65,
      "end" : 69,
      "text" : "want",
      "whiteSpace" : false
    }, {
      "id" : "s3-t2",
      "begin" : 70,
      "end" : 72,
      "text" : "to",
      "whiteSpace" : false
    }, {
      "id" : "s3-t3",
      "begin" : 73,
      "end" : 79,
      "text" : "change",
      "whiteSpace" : false
    }, {
      "id" : "s3-t4",
      "begin" : 80,
      "end" : 82,
      "text" : "my",
      "whiteSpace" : false
    }, {
      "id" : "s3-t5",
      "begin" : 83,
      "end" : 87,
      "text" : "plan",
      "whiteSpace" : false
    }, {
      "id" : "s3-t6",
      "begin" : 88,
      "end" : 90,
      "text" : "to",
      "whiteSpace" : false
    }, {
      "id" : "s3-t7",
      "begin" : 91,
      "end" : 100,
      "text" : "corporate",
      "whiteSpace" : false
    }, {
      "id" : "s3-t8",
      "begin" : 101,
      "end" : 105,
      "text" : "plan",
      "whiteSpace" : false
    }, {
      "id" : "s3-t9",
      "begin" : 106,
      "end" : 109,
      "text" : "Rep",
      "whiteSpace" : false
    }, {
      "id" : "s3-t10",
      "begin" : 109,
      "end" : 110,
      "text" : ":",
      "whiteSpace" : false
    }, {
      "id" : "s3-t11",
      "begin" : 111,
      "end" : 115,
      "text" : "Sure",
      "whiteSpace" : false
    }, {
      "id" : "s3-t12",
      "begin" : 115,
      "end" : 116,
      "text" : ",",
      "whiteSpace" : false
    }, {
      "id" : "s3-t13",
      "begin" : 117,
      "end" : 118,
      "text" : "I",
      "whiteSpace" : false
    }, {
      "id" : "s3-t14",
      "begin" : 119,
      "end" : 122,
      "text" : "can",
      "whiteSpace" : false
    }, {
      "id" : "s3-t15",
      "begin" : 123,
      "end" : 127,
      "text" : "help",
      "whiteSpace" : false
    }, {
      "id" : "s3-t16",
      "begin" : 128,
      "end" : 131,
      "text" : "you",
      "whiteSpace" : false
    }, {
      "id" : "s3-t17",
      "begin" : 131,
      "end" : 132,
      "text" : ".",
      "whiteSpace" : false
    } ]
  }, {
    "id" : "s4",
    "begin" : 133,
    "end" : 210,
    "text" : "Do you want to change the plan for the number from which you are calling now?",
    "tokens" : [ {
      "id" : "s4-t0",
      "begin" : 133,
      "end" : 135,
      "text" : "Do",
      "whiteSpace" : false
    }, {
      "id" : "s4-t1",
      "begin" : 136,
      "end" : 139,
      "text" : "you",
      "whiteSpace" : false
    }, {
      "id" : "s4-t2",
      "begin" : 140,
      "end" : 144,
      "text" : "want",
      "whiteSpace" : false
    }, {
      "id" : "s4-t3",
      "begin" : 145,
      "end" : 147,
      "text" : "to",
      "whiteSpace" : false
    }, {
      "id" : "s4-t4",
      "begin" : 148,
      "end" : 154,
      "text" : "change",
      "whiteSpace" : false
    }, {
      "id" : "s4-t5",
      "begin" : 155,
      "end" : 158,
      "text" : "the",
      "whiteSpace" : false
    }, {
      "id" : "s4-t6",
      "begin" : 159,
      "end" : 163,
      "text" : "plan",
      "whiteSpace" : false
    }, {
      "id" : "s4-t7",
      "begin" : 164,
      "end" : 167,
      "text" : "for",
      "whiteSpace" : false
    }, {
      "id" : "s4-t8",
      "begin" : 168,
      "end" : 171,
      "text" : "the",
      "whiteSpace" : false
    }, {
      "id" : "s4-t9",
      "begin" : 172,
      "end" : 178,
      "text" : "number",
      "whiteSpace" : false
    }, {
      "id" : "s4-t10",
      "begin" : 179,
      "end" : 183,
      "text" : "from",
      "whiteSpace" : false
    }, {
      "id" : "s4-t11",
      "begin" : 184,
      "end" : 189,
      "text" : "which",
      "whiteSpace" : false
    }, {
      "id" : "s4-t12",
      "begin" : 190,
      "end" : 193,
      "text" : "you",
      "whiteSpace" : false
    }, {
      "id" : "s4-t13",
      "begin" : 194,
      "end" : 197,
      "text" : "are",
      "whiteSpace" : false
    }, {
      "id" : "s4-t14",
      "begin" : 198,
      "end" : 205,
      "text" : "calling",
      "whiteSpace" : false
    }, {
      "id" : "s4-t15",
      "begin" : 206,
      "end" : 209,
      "text" : "now",
      "whiteSpace" : false
    }, {
      "id" : "s4-t16",
      "begin" : 209,
      "end" : 210,
      "text" : "?",
      "whiteSpace" : false
    } ]
  }, {
    "id" : "s5",
    "begin" : 211,
    "end" : 615,
    "text" : "Caller: yes\nRep: For verification purpose may I know your date of birth and email id\nCaller: My data of birth is 10th August 1979 and my email id is anand@gmail.com\nRep: Which plan do you want to migrate to\nCaller: Plan 450 unlimited\nRep: Can I have your company name and employee id\nCaller: I work for IBM and my employee id is 12345\nRep: Ok.. I have taken your request to migrate plan to 450 unlimited.",
    "tokens" : [ {
      "id" : "s5-t0",
      "begin" : 211,
      "end" : 217,
      "text" : "Caller",
      "whiteSpace" : false
    }, {
      "id" : "s5-t1",
      "begin" : 217,
      "end" : 218,
      "text" : ":",
      "whiteSpace" : false
    }, {
      "id" : "s5-t2",
      "begin" : 219,
      "end" : 222,
      "text" : "yes",
      "whiteSpace" : false
    }, {
      "id" : "s5-t3",
      "begin" : 223,
      "end" : 226,
      "text" : "Rep",
      "whiteSpace" : false
    }, {
      "id" : "s5-t4",
      "begin" : 226,
      "end" : 227,
      "text" : ":",
      "whiteSpace" : false
    }, {
      "id" : "s5-t5",
      "begin" : 228,
      "end" : 231,
      "text" : "For",
      "whiteSpace" : false
    }, {
      "id" : "s5-t6",
      "begin" : 232,
      "end" : 244,
      "text" : "verification",
      "whiteSpace" : false
    }, {
      "id" : "s5-t7",
      "begin" : 245,
      "end" : 252,
      "text" : "purpose",
      "whiteSpace" : false
    }, {
      "id" : "s5-t8",
      "begin" : 253,
      "end" : 256,
      "text" : "may",
      "whiteSpace" : false
    }, {
      "id" : "s5-t9",
      "begin" : 257,
      "end" : 258,
      "text" : "I",
      "whiteSpace" : false
    }, {
      "id" : "s5-t10",
      "begin" : 259,
      "end" : 263,
      "text" : "know",
      "whiteSpace" : false
    }, {
      "id" : "s5-t11",
      "begin" : 264,
      "end" : 268,
      "text" : "your",
      "whiteSpace" : false
    }, {
      "id" : "s5-t12",
      "begin" : 269,
      "end" : 273,
      "text" : "date",
      "whiteSpace" : false
    }, {
      "id" : "s5-t13",
      "begin" : 274,
      "end" : 276,
      "text" : "of",
      "whiteSpace" : false
    }, {
      "id" : "s5-t14",
      "begin" : 277,
      "end" : 282,
      "text" : "birth",
      "whiteSpace" : false
    }, {
      "id" : "s5-t15",
      "begin" : 283,
      "end" : 286,
      "text" : "and",
      "whiteSpace" : false
    }, {
      "id" : "s5-t16",
      "begin" : 287,
      "end" : 292,
      "text" : "email",
      "whiteSpace" : false
    }, {
      "id" : "s5-t17",
      "begin" : 293,
      "end" : 295,
      "text" : "id",
      "whiteSpace" : false
    }, {
      "id" : "s5-t18",
      "begin" : 296,
      "end" : 302,
      "text" : "Caller",
      "whiteSpace" : false
    }, {
      "id" : "s5-t19",
      "begin" : 302,
      "end" : 303,
      "text" : ":",
      "whiteSpace" : false
    }, {
      "id" : "s5-t20",
      "begin" : 304,
      "end" : 306,
      "text" : "My",
      "whiteSpace" : false
    }, {
      "id" : "s5-t21",
      "begin" : 307,
      "end" : 311,
      "text" : "data",
      "whiteSpace" : false
    }, {
      "id" : "s5-t22",
      "begin" : 312,
      "end" : 314,
      "text" : "of",
      "whiteSpace" : false
    }, {
      "id" : "s5-t23",
      "begin" : 315,
      "end" : 320,
      "text" : "birth",
      "whiteSpace" : false
    }, {
      "id" : "s5-t24",
      "begin" : 321,
      "end" : 323,
      "text" : "is",
      "whiteSpace" : false
    }, {
      "id" : "s5-t25",
      "begin" : 324,
      "end" : 328,
      "text" : "10th",
      "whiteSpace" : false
    }, {
      "id" : "s5-t26",
      "begin" : 329,
      "end" : 335,
      "text" : "August",
      "whiteSpace" : false
    }, {
      "id" : "s5-t27",
      "begin" : 336,
      "end" : 340,
      "text" : "1979",
      "whiteSpace" : false
    }, {
      "id" : "s5-t28",
      "begin" : 341,
      "end" : 344,
      "text" : "and",
      "whiteSpace" : false
    }, {
      "id" : "s5-t29",
      "begin" : 345,
      "end" : 347,
      "text" : "my",
      "whiteSpace" : false
    }, {
      "id" : "s5-t30",
      "begin" : 348,
      "end" : 353,
      "text" : "email",
      "whiteSpace" : false
    }, {
      "id" : "s5-t31",
      "begin" : 354,
      "end" : 356,
      "text" : "id",
      "whiteSpace" : false
    }, {
      "id" : "s5-t32",
      "begin" : 357,
      "end" : 359,
      "text" : "is",
      "whiteSpace" : false
    }, {
      "id" : "s5-t33",
      "begin" : 360,
      "end" : 375,
      "text" : "anand@gmail.com",
      "whiteSpace" : false
    }, {
      "id" : "s5-t34",
      "begin" : 376,
      "end" : 379,
      "text" : "Rep",
      "whiteSpace" : false
    }, {
      "id" : "s5-t35",
      "begin" : 379,
      "end" : 380,
      "text" : ":",
      "whiteSpace" : false
    }, {
      "id" : "s5-t36",
      "begin" : 381,
      "end" : 386,
      "text" : "Which",
      "whiteSpace" : false
    }, {
      "id" : "s5-t37",
      "begin" : 387,
      "end" : 391,
      "text" : "plan",
      "whiteSpace" : false
    }, {
      "id" : "s5-t38",
      "begin" : 392,
      "end" : 394,
      "text" : "do",
      "whiteSpace" : false
    }, {
      "id" : "s5-t39",
      "begin" : 395,
      "end" : 398,
      "text" : "you",
      "whiteSpace" : false
    }, {
      "id" : "s5-t40",
      "begin" : 399,
      "end" : 403,
      "text" : "want",
      "whiteSpace" : false
    }, {
      "id" : "s5-t41",
      "begin" : 404,
      "end" : 406,
      "text" : "to",
      "whiteSpace" : false
    }, {
      "id" : "s5-t42",
      "begin" : 407,
      "end" : 414,
      "text" : "migrate",
      "whiteSpace" : false
    }, {
      "id" : "s5-t43",
      "begin" : 415,
      "end" : 417,
      "text" : "to",
      "whiteSpace" : false
    }, {
      "id" : "s5-t44",
      "begin" : 418,
      "end" : 424,
      "text" : "Caller",
      "whiteSpace" : false
    }, {
      "id" : "s5-t45",
      "begin" : 424,
      "end" : 425,
      "text" : ":",
      "whiteSpace" : false
    }, {
      "id" : "s5-t46",
      "begin" : 426,
      "end" : 430,
      "text" : "Plan",
      "whiteSpace" : false
    }, {
      "id" : "s5-t47",
      "begin" : 431,
      "end" : 434,
      "text" : "450",
      "whiteSpace" : false
    }, {
      "id" : "s5-t48",
      "begin" : 435,
      "end" : 444,
      "text" : "unlimited",
      "whiteSpace" : false
    }, {
      "id" : "s5-t49",
      "begin" : 445,
      "end" : 448,
      "text" : "Rep",
      "whiteSpace" : false
    }, {
      "id" : "s5-t50",
      "begin" : 448,
      "end" : 449,
      "text" : ":",
      "whiteSpace" : false
    }, {
      "id" : "s5-t51",
      "begin" : 450,
      "end" : 453,
      "text" : "Can",
      "whiteSpace" : false
    }, {
      "id" : "s5-t52",
      "begin" : 454,
      "end" : 455,
      "text" : "I",
      "whiteSpace" : false
    }, {
      "id" : "s5-t53",
      "begin" : 456,
      "end" : 460,
      "text" : "have",
      "whiteSpace" : false
    }, {
      "id" : "s5-t54",
      "begin" : 461,
      "end" : 465,
      "text" : "your",
      "whiteSpace" : false
    }, {
      "id" : "s5-t55",
      "begin" : 466,
      "end" : 473,
      "text" : "company",
      "whiteSpace" : false
    }, {
      "id" : "s5-t56",
      "begin" : 474,
      "end" : 478,
      "text" : "name",
      "whiteSpace" : false
    }, {
      "id" : "s5-t57",
      "begin" : 479,
      "end" : 482,
      "text" : "and",
      "whiteSpace" : false
    }, {
      "id" : "s5-t58",
      "begin" : 483,
      "end" : 491,
      "text" : "employee",
      "whiteSpace" : false
    }, {
      "id" : "s5-t59",
      "begin" : 492,
      "end" : 494,
      "text" : "id",
      "whiteSpace" : false
    }, {
      "id" : "s5-t60",
      "begin" : 495,
      "end" : 501,
      "text" : "Caller",
      "whiteSpace" : false
    }, {
      "id" : "s5-t61",
      "begin" : 501,
      "end" : 502,
      "text" : ":",
      "whiteSpace" : false
    }, {
      "id" : "s5-t62",
      "begin" : 503,
      "end" : 504,
      "text" : "I",
      "whiteSpace" : false
    }, {
      "id" : "s5-t63",
      "begin" : 505,
      "end" : 509,
      "text" : "work",
      "whiteSpace" : false
    }, {
      "id" : "s5-t64",
      "begin" : 510,
      "end" : 513,
      "text" : "for",
      "whiteSpace" : false
    }, {
      "id" : "s5-t65",
      "begin" : 514,
      "end" : 517,
      "text" : "IBM",
      "whiteSpace" : false
    }, {
      "id" : "s5-t66",
      "begin" : 518,
      "end" : 521,
      "text" : "and",
      "whiteSpace" : false
    }, {
      "id" : "s5-t67",
      "begin" : 522,
      "end" : 524,
      "text" : "my",
      "whiteSpace" : false
    }, {
      "id" : "s5-t68",
      "begin" : 525,
      "end" : 533,
      "text" : "employee",
      "whiteSpace" : false
    }, {
      "id" : "s5-t69",
      "begin" : 534,
      "end" : 536,
      "text" : "id",
      "whiteSpace" : false
    }, {
      "id" : "s5-t70",
      "begin" : 537,
      "end" : 539,
      "text" : "is",
      "whiteSpace" : false
    }, {
      "id" : "s5-t71",
      "begin" : 540,
      "end" : 545,
      "text" : "12345",
      "whiteSpace" : false
    }, {
      "id" : "s5-t72",
      "begin" : 546,
      "end" : 549,
      "text" : "Rep",
      "whiteSpace" : false
    }, {
      "id" : "s5-t73",
      "begin" : 549,
      "end" : 550,
      "text" : ":",
      "whiteSpace" : false
    }, {
      "id" : "s5-t74",
      "begin" : 551,
      "end" : 553,
      "text" : "Ok",
      "whiteSpace" : false
    }, {
      "id" : "s5-t75",
      "begin" : 553,
      "end" : 555,
      "text" : "..",
      "whiteSpace" : false
    }, {
      "id" : "s5-t76",
      "begin" : 556,
      "end" : 557,
      "text" : "I",
      "whiteSpace" : false
    }, {
      "id" : "s5-t77",
      "begin" : 558,
      "end" : 562,
      "text" : "have",
      "whiteSpace" : false
    }, {
      "id" : "s5-t78",
      "begin" : 563,
      "end" : 568,
      "text" : "taken",
      "whiteSpace" : false
    }, {
      "id" : "s5-t79",
      "begin" : 569,
      "end" : 573,
      "text" : "your",
      "whiteSpace" : false
    }, {
      "id" : "s5-t80",
      "begin" : 574,
      "end" : 581,
      "text" : "request",
      "whiteSpace" : false
    }, {
      "id" : "s5-t81",
      "begin" : 582,
      "end" : 584,
      "text" : "to",
      "whiteSpace" : false
    }, {
      "id" : "s5-t82",
      "begin" : 585,
      "end" : 592,
      "text" : "migrate",
      "whiteSpace" : false
    }, {
      "id" : "s5-t83",
      "begin" : 593,
      "end" : 597,
      "text" : "plan",
      "whiteSpace" : false
    }, {
      "id" : "s5-t84",
      "begin" : 598,
      "end" : 600,
      "text" : "to",
      "whiteSpace" : false
    }, {
      "id" : "s5-t85",
      "begin" : 601,
      "end" : 604,
      "text" : "450",
      "whiteSpace" : false
    }, {
      "id" : "s5-t86",
      "begin" : 605,
      "end" : 614,
      "text" : "unlimited",
      "whiteSpace" : false
    }, {
      "id" : "s5-t87",
      "begin" : 614,
      "end" : 615,
      "text" : ".",
      "whiteSpace" : false
    } ]
  }, {
    "id" : "s6",
    "begin" : 616,
    "end" : 650,
    "text" : "You will get an update in 3 hours.",
    "tokens" : [ {
      "id" : "s6-t0",
      "begin" : 616,
      "end" : 619,
      "text" : "You",
      "whiteSpace" : false
    }, {
      "id" : "s6-t1",
      "begin" : 620,
      "end" : 624,
      "text" : "will",
      "whiteSpace" : false
    }, {
      "id" : "s6-t2",
      "begin" : 625,
      "end" : 628,
      "text" : "get",
      "whiteSpace" : false
    }, {
      "id" : "s6-t3",
      "begin" : 629,
      "end" : 631,
      "text" : "an",
      "whiteSpace" : false
    }, {
      "id" : "s6-t4",
      "begin" : 632,
      "end" : 638,
      "text" : "update",
      "whiteSpace" : false
    }, {
      "id" : "s6-t5",
      "begin" : 639,
      "end" : 641,
      "text" : "in",
      "whiteSpace" : false
    }, {
      "id" : "s6-t6",
      "begin" : 642,
      "end" : 643,
      "text" : "3",
      "whiteSpace" : false
    }, {
      "id" : "s6-t7",
      "begin" : 644,
      "end" : 649,
      "text" : "hours",
      "whiteSpace" : false
    }, {
      "id" : "s6-t8",
      "begin" : 649,
      "end" : 650,
      "text" : ".",
      "whiteSpace" : false
    } ]
  }, {
    "id" : "s7",
    "begin" : 651,
    "end" : 744,
    "text" : "Is there anything else that I can help you with\nCaller: No\nRep: Thanks for calling Vodaphone.",
    "tokens" : [ {
      "id" : "s7-t0",
      "begin" : 651,
      "end" : 653,
      "text" : "Is",
      "whiteSpace" : false
    }, {
      "id" : "s7-t1",
      "begin" : 654,
      "end" : 659,
      "text" : "there",
      "whiteSpace" : false
    }, {
      "id" : "s7-t2",
      "begin" : 660,
      "end" : 668,
      "text" : "anything",
      "whiteSpace" : false
    }, {
      "id" : "s7-t3",
      "begin" : 669,
      "end" : 673,
      "text" : "else",
      "whiteSpace" : false
    }, {
      "id" : "s7-t4",
      "begin" : 674,
      "end" : 678,
      "text" : "that",
      "whiteSpace" : false
    }, {
      "id" : "s7-t5",
      "begin" : 679,
      "end" : 680,
      "text" : "I",
      "whiteSpace" : false
    }, {
      "id" : "s7-t6",
      "begin" : 681,
      "end" : 684,
      "text" : "can",
      "whiteSpace" : false
    }, {
      "id" : "s7-t7",
      "begin" : 685,
      "end" : 689,
      "text" : "help",
      "whiteSpace" : false
    }, {
      "id" : "s7-t8",
      "begin" : 690,
      "end" : 693,
      "text" : "you",
      "whiteSpace" : false
    }, {
      "id" : "s7-t9",
      "begin" : 694,
      "end" : 698,
      "text" : "with",
      "whiteSpace" : false
    }, {
      "id" : "s7-t10",
      "begin" : 699,
      "end" : 705,
      "text" : "Caller",
      "whiteSpace" : false
    }, {
      "id" : "s7-t11",
      "begin" : 705,
      "end" : 706,
      "text" : ":",
      "whiteSpace" : false
    }, {
      "id" : "s7-t12",
      "begin" : 707,
      "end" : 709,
      "text" : "No",
      "whiteSpace" : false
    }, {
      "id" : "s7-t13",
      "begin" : 710,
      "end" : 713,
      "text" : "Rep",
      "whiteSpace" : false
    }, {
      "id" : "s7-t14",
      "begin" : 713,
      "end" : 714,
      "text" : ":",
      "whiteSpace" : false
    }, {
      "id" : "s7-t15",
      "begin" : 715,
      "end" : 721,
      "text" : "Thanks",
      "whiteSpace" : false
    }, {
      "id" : "s7-t16",
      "begin" : 722,
      "end" : 725,
      "text" : "for",
      "whiteSpace" : false
    }, {
      "id" : "s7-t17",
      "begin" : 726,
      "end" : 733,
      "text" : "calling",
      "whiteSpace" : false
    }, {
      "id" : "s7-t18",
      "begin" : 734,
      "end" : 743,
      "text" : "Vodaphone",
      "whiteSpace" : false
    }, {
      "id" : "s7-t19",
      "begin" : 743,
      "end" : 744,
      "text" : ".",
      "whiteSpace" : false
    } ]
  }, {
    "id" : "s8",
    "begin" : 745,
    "end" : 761,
    "text" : "Have a good day.",
    "tokens" : [ {
      "id" : "s8-t0",
      "begin" : 745,
      "end" : 749,
      "text" : "Have",
      "whiteSpace" : false
    }, {
      "id" : "s8-t1",
      "begin" : 750,
      "end" : 751,
      "text" : "a",
      "whiteSpace" : false
    }, {
      "id" : "s8-t2",
      "begin" : 752,
      "end" : 756,
      "text" : "good",
      "whiteSpace" : false
    }, {
      "id" : "s8-t3",
      "begin" : 757,
      "end" : 760,
      "text" : "day",
      "whiteSpace" : false
    }, {
      "id" : "s8-t4",
      "begin" : 760,
      "end" : 761,
      "text" : ".",
      "whiteSpace" : false
    } ]
  }, {
    "id" : "s9",
    "begin" : 762,
    "end" : 777,
    "text" : "Caller: you too",
    "tokens" : [ {
      "id" : "s9-t0",
      "begin" : 762,
      "end" : 768,
      "text" : "Caller",
      "whiteSpace" : false
    }, {
      "id" : "s9-t1",
      "begin" : 768,
      "end" : 769,
      "text" : ":",
      "whiteSpace" : false
    }, {
      "id" : "s9-t2",
      "begin" : 770,
      "end" : 773,
      "text" : "you",
      "whiteSpace" : false
    }, {
      "id" : "s9-t3",
      "begin" : 774,
      "end" : 777,
      "text" : "too",
      "whiteSpace" : false
    } ]
  } ],
  "mentions" : [ {
    "id" : "s2-m1",
    "properties" : {
      "SIRE_MENTION_ROLE" : "Name",
      "SIRE_ENTITY_SUBTYPE" : "NONE",
      "SIRE_MENTION_TYPE" : "NONE",
      "SIRE_MENTION_CLASS" : "SPC"
    },
    "type" : "Name",
    "begin" : 56,
    "end" : 61,
    "inCoref" : false
  }, {
    "id" : "s5-m1",
    "properties" : {
      "SIRE_MENTION_ROLE" : "DOB",
      "SIRE_ENTITY_SUBTYPE" : "NONE",
      "SIRE_MENTION_TYPE" : "NONE",
      "SIRE_MENTION_CLASS" : "SPC"
    },
    "type" : "DOB",
    "begin" : 324,
    "end" : 340,
    "inCoref" : false
  }, {
    "id" : "s5-m2",
    "properties" : {
      "SIRE_MENTION_ROLE" : "EmailId",
      "SIRE_ENTITY_SUBTYPE" : "NONE",
      "SIRE_MENTION_TYPE" : "NONE",
      "SIRE_MENTION_CLASS" : "SPC"
    },
    "type" : "EmailId",
    "begin" : 360,
    "end" : 375,
    "inCoref" : false
  }, {
    "id" : "s5-m3",
    "properties" : {
      "SIRE_MENTION_ROLE" : "Company",
      "SIRE_ENTITY_SUBTYPE" : "NONE",
      "SIRE_MENTION_TYPE" : "NONE",
      "SIRE_MENTION_CLASS" : "SPC"
    },
    "type" : "Company",
    "begin" : 514,
    "end" : 517,
    "inCoref" : false
  }, {
    "id" : "s5-m4",
    "properties" : {
      "SIRE_MENTION_ROLE" : "EmployeeId",
      "SIRE_ENTITY_SUBTYPE" : "NONE",
      "SIRE_MENTION_TYPE" : "NONE",
      "SIRE_MENTION_CLASS" : "SPC"
    },
    "type" : "EmployeeId",
    "begin" : 540,
    "end" : 545,
    "inCoref" : false
  } ],
  "relations" : [ ],
  "corefs" : [ ],
  "typeResolved" : true,
  "userResolved" : false
}